AH00558: httpd: Could not reliably determine the server's fully qualified domain name, using fdc4:f303:9324::7. Set the 'ServerName' directive globally to suppress this message
[Thu Sep 11 17:21:40.318909 2025] [mpm_event:debug] [pid 1:tid 1] event.c(751): Child 0 started: pid 9, gen 0, active 1/16, total 1/1/16
[Thu Sep 11 17:21:40.319284 2025] [mpm_event:debug] [pid 9:tid 10] event.c(2475): AH02471: start_threads: Using epoll (wakeable)
[Thu Sep 11 17:21:40.318848 2025] [:notice] [pid 8:tid 8] FastCGI: process manager initialized (pid 8)
[Thu Sep 11 17:21:40.319837 2025] [mpm_event:debug] [pid 1:tid 1] event.c(751): Child 1 started: pid 11, gen 0, active 2/16, total 2/2/16
[Thu Sep 11 17:21:40.320327 2025] [mpm_event:debug] [pid 11:tid 12] event.c(2475): AH02471: start_threads: Using epoll (wakeable)
[Thu Sep 11 17:21:40.323117 2025] [mpm_event:debug] [pid 1:tid 1] event.c(751): Child 2 started: pid 28, gen 0, active 3/16, total 3/3/16
[Thu Sep 11 17:21:40.323324 2025] [mpm_event:notice] [pid 1:tid 1] AH00489: Apache/2.4.65 (Unix) mod_fastcgi/mod_fastcgi-SNAP-0910052141 configured -- resuming normal operations
[Thu Sep 11 17:21:40.323573 2025] [mpm_event:info] [pid 1:tid 1] AH00490: Server built: Aug 12 2025 22:25:29
[Thu Sep 11 17:21:40.323771 2025] [core:notice] [pid 1:tid 1] AH00094: Command line: 'httpd -D FOREGROUND'
[Thu Sep 11 17:21:40.323897 2025] [core:debug] [pid 1:tid 1] log.c(1605): AH02639: Using SO_REUSEPORT: yes (1)
[Thu Sep 11 17:21:40.323940 2025] [mpm_event:debug] [pid 28:tid 39] event.c(2475): AH02471: start_threads: Using epoll (wakeable)
[Thu Sep 11 17:21:46.625465 2025] [authz_core:debug] [pid 11:tid 30] mod_authz_core.c(815): [client ::1:52936] AH01626: authorization result of Require all granted: granted, referer: http://localhost:63343/
[Thu Sep 11 17:21:46.625703 2025] [authz_core:debug] [pid 11:tid 30] mod_authz_core.c(815): [client ::1:52936] AH01626: authorization result of <RequireAny>: granted, referer: http://localhost:63343/
[Thu Sep 11 17:21:54.689594 2025] [authz_core:debug] [pid 28:tid 50] mod_authz_core.c(815): [client ::1:40620] AH01626: authorization result of Require all granted: granted, referer: http://localhost:63343/
[Thu Sep 11 17:21:54.690068 2025] [authz_core:debug] [pid 28:tid 50] mod_authz_core.c(815): [client ::1:40620] AH01626: authorization result of <RequireAny>: granted, referer: http://localhost:63343/
[Thu Sep 11 17:21:54.690803 2025] [authz_core:debug] [pid 28:tid 50] mod_authz_core.c(815): [client ::1:40620] AH01626: authorization result of Require all granted: granted, referer: http://localhost:63343/
[Thu Sep 11 17:21:54.691021 2025] [authz_core:debug] [pid 28:tid 50] mod_authz_core.c(815): [client ::1:40620] AH01626: authorization result of <RequireAny>: granted, referer: http://localhost:63343/
[Thu Sep 11 17:22:23.777578 2025] [authz_core:debug] [pid 28:tid 55] mod_authz_core.c(815): [client ::1:34912] AH01626: authorization result of Require all granted: granted, referer: http://localhost:63343/
[Thu Sep 11 17:22:23.777892 2025] [authz_core:debug] [pid 28:tid 55] mod_authz_core.c(815): [client ::1:34912] AH01626: authorization result of <RequireAny>: granted, referer: http://localhost:63343/
[Thu Sep 11 17:22:23.778067 2025] [authz_core:debug] [pid 28:tid 55] mod_authz_core.c(815): [client ::1:34912] AH01626: authorization result of Require all granted: granted, referer: http://localhost:63343/
[Thu Sep 11 17:22:23.778234 2025] [authz_core:debug] [pid 28:tid 55] mod_authz_core.c(815): [client ::1:34912] AH01626: authorization result of <RequireAny>: granted, referer: http://localhost:63343/
[Thu Sep 11 17:23:27.405402 2025] [authz_core:debug] [pid 28:tid 59] mod_authz_core.c(815): [client ::1:33224] AH01626: authorization result of Require all granted: granted, referer: http://localhost:63343/
[Thu Sep 11 17:23:27.405618 2025] [authz_core:debug] [pid 28:tid 59] mod_authz_core.c(815): [client ::1:33224] AH01626: authorization result of <RequireAny>: granted, referer: http://localhost:63343/
[Thu Sep 11 17:23:27.405780 2025] [authz_core:debug] [pid 28:tid 59] mod_authz_core.c(815): [client ::1:33224] AH01626: authorization result of Require all granted: granted, referer: http://localhost:63343/
[Thu Sep 11 17:23:27.405918 2025] [authz_core:debug] [pid 28:tid 59] mod_authz_core.c(815): [client ::1:33224] AH01626: authorization result of <RequireAny>: granted, referer: http://localhost:63343/
[Thu Sep 11 17:24:47.656350 2025] [authz_core:debug] [pid 28:tid 63] mod_authz_core.c(815): [client ::1:59052] AH01626: authorization result of Require all granted: granted, referer: http://localhost:63343/
[Thu Sep 11 17:24:47.656681 2025] [authz_core:debug] [pid 28:tid 63] mod_authz_core.c(815): [client ::1:59052] AH01626: authorization result of <RequireAny>: granted, referer: http://localhost:63343/
[Thu Sep 11 17:24:47.657093 2025] [authz_core:debug] [pid 28:tid 63] mod_authz_core.c(815): [client ::1:59052] AH01626: authorization result of Require all granted: granted, referer: http://localhost:63343/
[Thu Sep 11 17:24:47.657300 2025] [authz_core:debug] [pid 28:tid 63] mod_authz_core.c(815): [client ::1:59052] AH01626: authorization result of <RequireAny>: granted, referer: http://localhost:63343/
[Thu Sep 11 17:25:53.557640 2025] [authz_core:debug] [pid 28:tid 67] mod_authz_core.c(815): [client ::1:36326] AH01626: authorization result of Require all granted: granted, referer: http://localhost:63343/
[Thu Sep 11 17:25:53.557867 2025] [authz_core:debug] [pid 28:tid 67] mod_authz_core.c(815): [client ::1:36326] AH01626: authorization result of <RequireAny>: granted, referer: http://localhost:63343/
[Thu Sep 11 17:25:53.557989 2025] [authz_core:debug] [pid 28:tid 67] mod_authz_core.c(815): [client ::1:36326] AH01626: authorization result of Require all granted: granted, referer: http://localhost:63343/
[Thu Sep 11 17:25:53.558089 2025] [authz_core:debug] [pid 28:tid 67] mod_authz_core.c(815): [client ::1:36326] AH01626: authorization result of <RequireAny>: granted, referer: http://localhost:63343/
[Thu Sep 11 17:26:08.978452 2025] [authz_core:debug] [pid 28:tid 69] mod_authz_core.c(815): [client ::1:48614] AH01626: authorization result of Require all granted: granted, referer: http://localhost:63343/
[Thu Sep 11 17:26:08.978636 2025] [authz_core:debug] [pid 28:tid 69] mod_authz_core.c(815): [client ::1:48614] AH01626: authorization result of <RequireAny>: granted, referer: http://localhost:63343/
[Thu Sep 11 17:26:08.978816 2025] [authz_core:debug] [pid 28:tid 69] mod_authz_core.c(815): [client ::1:48614] AH01626: authorization result of Require all granted: granted, referer: http://localhost:63343/
[Thu Sep 11 17:26:08.978916 2025] [authz_core:debug] [pid 28:tid 69] mod_authz_core.c(815): [client ::1:48614] AH01626: authorization result of <RequireAny>: granted, referer: http://localhost:63343/
[Thu Sep 11 17:26:35.351085 2025] [authz_core:debug] [pid 28:tid 71] mod_authz_core.c(815): [client ::1:59996] AH01626: authorization result of Require all granted: granted, referer: http://localhost:63343/
[Thu Sep 11 17:26:35.351291 2025] [authz_core:debug] [pid 28:tid 71] mod_authz_core.c(815): [client ::1:59996] AH01626: authorization result of <RequireAny>: granted, referer: http://localhost:63343/
[Thu Sep 11 17:26:35.351466 2025] [authz_core:debug] [pid 28:tid 71] mod_authz_core.c(815): [client ::1:59996] AH01626: authorization result of Require all granted: granted, referer: http://localhost:63343/
[Thu Sep 11 17:26:35.351556 2025] [authz_core:debug] [pid 28:tid 71] mod_authz_core.c(815): [client ::1:59996] AH01626: authorization result of <RequireAny>: granted, referer: http://localhost:63343/
[Thu Sep 11 17:26:38.897268 2025] [authz_core:debug] [pid 28:tid 73] mod_authz_core.c(815): [client ::1:60014] AH01626: authorization result of Require all granted: granted, referer: http://localhost:63343/
[Thu Sep 11 17:26:38.897442 2025] [authz_core:debug] [pid 28:tid 73] mod_authz_core.c(815): [client ::1:60014] AH01626: authorization result of <RequireAny>: granted, referer: http://localhost:63343/
[Thu Sep 11 17:26:38.897604 2025] [authz_core:debug] [pid 28:tid 73] mod_authz_core.c(815): [client ::1:60014] AH01626: authorization result of Require all granted: granted, referer: http://localhost:63343/
[Thu Sep 11 17:26:38.897739 2025] [authz_core:debug] [pid 28:tid 73] mod_authz_core.c(815): [client ::1:60014] AH01626: authorization result of <RequireAny>: granted, referer: http://localhost:63343/
[Thu Sep 11 20:15:23.240784 2025] [authz_core:debug] [pid 28:tid 77] mod_authz_core.c(815): [client ::1:41530] AH01626: authorization result of Require all granted: granted, referer: http://localhost:63343/
[Thu Sep 11 20:15:23.241385 2025] [authz_core:debug] [pid 28:tid 77] mod_authz_core.c(815): [client ::1:41530] AH01626: authorization result of <RequireAny>: granted, referer: http://localhost:63343/
[Thu Sep 11 20:15:23.242410 2025] [authz_core:debug] [pid 28:tid 77] mod_authz_core.c(815): [client ::1:41530] AH01626: authorization result of Require all granted: granted, referer: http://localhost:63343/
[Thu Sep 11 20:15:23.242556 2025] [authz_core:debug] [pid 28:tid 77] mod_authz_core.c(815): [client ::1:41530] AH01626: authorization result of <RequireAny>: granted, referer: http://localhost:63343/
[Thu Sep 11 20:15:24.475468 2025] [authz_core:debug] [pid 28:tid 84] mod_authz_core.c(815): [client ::1:41552] AH01626: authorization result of Require all granted: granted, referer: http://localhost:63343/
[Thu Sep 11 20:15:24.475727 2025] [authz_core:debug] [pid 28:tid 84] mod_authz_core.c(815): [client ::1:41552] AH01626: authorization result of <RequireAny>: granted, referer: http://localhost:63343/
[Thu Sep 11 20:15:24.475909 2025] [authz_core:debug] [pid 28:tid 84] mod_authz_core.c(815): [client ::1:41552] AH01626: authorization result of Require all granted: granted, referer: http://localhost:63343/
[Thu Sep 11 20:15:24.476051 2025] [authz_core:debug] [pid 28:tid 84] mod_authz_core.c(815): [client ::1:41552] AH01626: authorization result of <RequireAny>: granted, referer: http://localhost:63343/
[Thu Sep 11 20:15:25.120112 2025] [authz_core:debug] [pid 28:tid 87] mod_authz_core.c(815): [client ::1:51538] AH01626: authorization result of Require all granted: granted, referer: http://localhost:63343/
[Thu Sep 11 20:15:25.120447 2025] [authz_core:debug] [pid 28:tid 87] mod_authz_core.c(815): [client ::1:51538] AH01626: authorization result of <RequireAny>: granted, referer: http://localhost:63343/
[Thu Sep 11 20:15:25.120751 2025] [authz_core:debug] [pid 28:tid 87] mod_authz_core.c(815): [client ::1:51538] AH01626: authorization result of Require all granted: granted, referer: http://localhost:63343/
[Thu Sep 11 20:15:25.120875 2025] [authz_core:debug] [pid 28:tid 87] mod_authz_core.c(815): [client ::1:51538] AH01626: authorization result of <RequireAny>: granted, referer: http://localhost:63343/
[Thu Sep 11 20:15:25.538239 2025] [authz_core:debug] [pid 11:tid 33] mod_authz_core.c(815): [client ::1:51556] AH01626: authorization result of Require all granted: granted, referer: http://localhost:63343/
[Thu Sep 11 20:15:25.538648 2025] [authz_core:debug] [pid 11:tid 33] mod_authz_core.c(815): [client ::1:51556] AH01626: authorization result of <RequireAny>: granted, referer: http://localhost:63343/
[Thu Sep 11 20:15:25.539476 2025] [authz_core:debug] [pid 11:tid 33] mod_authz_core.c(815): [client ::1:51556] AH01626: authorization result of Require all granted: granted, referer: http://localhost:63343/
[Thu Sep 11 20:15:25.539708 2025] [authz_core:debug] [pid 11:tid 33] mod_authz_core.c(815): [client ::1:51556] AH01626: authorization result of <RequireAny>: granted, referer: http://localhost:63343/
[Thu Sep 11 20:15:25.842459 2025] [authz_core:debug] [pid 28:tid 89] mod_authz_core.c(815): [client ::1:51560] AH01626: authorization result of Require all granted: granted, referer: http://localhost:63343/
[Thu Sep 11 20:15:25.842713 2025] [authz_core:debug] [pid 28:tid 89] mod_authz_core.c(815): [client ::1:51560] AH01626: authorization result of <RequireAny>: granted, referer: http://localhost:63343/
[Thu Sep 11 20:15:25.842900 2025] [authz_core:debug] [pid 28:tid 89] mod_authz_core.c(815): [client ::1:51560] AH01626: authorization result of Require all granted: granted, referer: http://localhost:63343/
[Thu Sep 11 20:15:25.843025 2025] [authz_core:debug] [pid 28:tid 89] mod_authz_core.c(815): [client ::1:51560] AH01626: authorization result of <RequireAny>: granted, referer: http://localhost:63343/
[Thu Sep 11 20:15:26.133216 2025] [authz_core:debug] [pid 28:tid 91] mod_authz_core.c(815): [client ::1:51582] AH01626: authorization result of Require all granted: granted, referer: http://localhost:63343/
[Thu Sep 11 20:15:26.133518 2025] [authz_core:debug] [pid 28:tid 91] mod_authz_core.c(815): [client ::1:51582] AH01626: authorization result of <RequireAny>: granted, referer: http://localhost:63343/
[Thu Sep 11 20:15:26.133672 2025] [authz_core:debug] [pid 28:tid 91] mod_authz_core.c(815): [client ::1:51582] AH01626: authorization result of Require all granted: granted, referer: http://localhost:63343/
[Thu Sep 11 20:15:26.133789 2025] [authz_core:debug] [pid 28:tid 91] mod_authz_core.c(815): [client ::1:51582] AH01626: authorization result of <RequireAny>: granted, referer: http://localhost:63343/
[Thu Sep 11 20:15:26.448428 2025] [authz_core:debug] [pid 28:tid 52] mod_authz_core.c(815): [client ::1:51602] AH01626: authorization result of Require all granted: granted, referer: http://localhost:63343/
[Thu Sep 11 20:15:26.448738 2025] [authz_core:debug] [pid 28:tid 52] mod_authz_core.c(815): [client ::1:51602] AH01626: authorization result of <RequireAny>: granted, referer: http://localhost:63343/
[Thu Sep 11 20:15:26.448895 2025] [authz_core:debug] [pid 28:tid 52] mod_authz_core.c(815): [client ::1:51602] AH01626: authorization result of Require all granted: granted, referer: http://localhost:63343/
[Thu Sep 11 20:15:26.448988 2025] [authz_core:debug] [pid 28:tid 52] mod_authz_core.c(815): [client ::1:51602] AH01626: authorization result of <RequireAny>: granted, referer: http://localhost:63343/
[Thu Sep 11 20:15:26.603613 2025] [authz_core:debug] [pid 28:tid 56] mod_authz_core.c(815): [client ::1:51626] AH01626: authorization result of Require all granted: granted, referer: http://localhost:63343/
[Thu Sep 11 20:15:26.603831 2025] [authz_core:debug] [pid 28:tid 56] mod_authz_core.c(815): [client ::1:51626] AH01626: authorization result of <RequireAny>: granted, referer: http://localhost:63343/
[Thu Sep 11 20:15:26.604119 2025] [authz_core:debug] [pid 28:tid 56] mod_authz_core.c(815): [client ::1:51626] AH01626: authorization result of Require all granted: granted, referer: http://localhost:63343/
[Thu Sep 11 20:15:26.604212 2025] [authz_core:debug] [pid 28:tid 56] mod_authz_core.c(815): [client ::1:51626] AH01626: authorization result of <RequireAny>: granted, referer: http://localhost:63343/
[Thu Sep 11 20:15:26.760807 2025] [authz_core:debug] [pid 28:tid 61] mod_authz_core.c(815): [client ::1:51654] AH01626: authorization result of Require all granted: granted, referer: http://localhost:63343/
[Thu Sep 11 20:15:26.761008 2025] [authz_core:debug] [pid 28:tid 61] mod_authz_core.c(815): [client ::1:51654] AH01626: authorization result of <RequireAny>: granted, referer: http://localhost:63343/
[Thu Sep 11 20:15:26.761144 2025] [authz_core:debug] [pid 28:tid 61] mod_authz_core.c(815): [client ::1:51654] AH01626: authorization result of Require all granted: granted, referer: http://localhost:63343/
[Thu Sep 11 20:15:26.761230 2025] [authz_core:debug] [pid 28:tid 61] mod_authz_core.c(815): [client ::1:51654] AH01626: authorization result of <RequireAny>: granted, referer: http://localhost:63343/
[Thu Sep 11 20:15:26.912368 2025] [authz_core:debug] [pid 28:tid 65] mod_authz_core.c(815): [client ::1:51660] AH01626: authorization result of Require all granted: granted, referer: http://localhost:63343/
[Thu Sep 11 20:15:26.912710 2025] [authz_core:debug] [pid 28:tid 65] mod_authz_core.c(815): [client ::1:51660] AH01626: authorization result of <RequireAny>: granted, referer: http://localhost:63343/
[Thu Sep 11 20:15:26.912984 2025] [authz_core:debug] [pid 28:tid 65] mod_authz_core.c(815): [client ::1:51660] AH01626: authorization result of Require all granted: granted, referer: http://localhost:63343/
[Thu Sep 11 20:15:26.913233 2025] [authz_core:debug] [pid 28:tid 65] mod_authz_core.c(815): [client ::1:51660] AH01626: authorization result of <RequireAny>: granted, referer: http://localhost:63343/
[Thu Sep 11 20:15:27.069018 2025] [authz_core:debug] [pid 28:tid 68] mod_authz_core.c(815): [client ::1:51674] AH01626: authorization result of Require all granted: granted, referer: http://localhost:63343/
[Thu Sep 11 20:15:27.069281 2025] [authz_core:debug] [pid 28:tid 68] mod_authz_core.c(815): [client ::1:51674] AH01626: authorization result of <RequireAny>: granted, referer: http://localhost:63343/
[Thu Sep 11 20:15:27.069434 2025] [authz_core:debug] [pid 28:tid 68] mod_authz_core.c(815): [client ::1:51674] AH01626: authorization result of Require all granted: granted, referer: http://localhost:63343/
[Thu Sep 11 20:15:27.069568 2025] [authz_core:debug] [pid 28:tid 68] mod_authz_core.c(815): [client ::1:51674] AH01626: authorization result of <RequireAny>: granted, referer: http://localhost:63343/
[Thu Sep 11 20:19:29.169683 2025] [authz_core:debug] [pid 28:tid 70] mod_authz_core.c(815): [client ::1:55210] AH01626: authorization result of Require all granted: granted, referer: http://localhost:63343/
[Thu Sep 11 20:19:29.169940 2025] [authz_core:debug] [pid 28:tid 70] mod_authz_core.c(815): [client ::1:55210] AH01626: authorization result of <RequireAny>: granted, referer: http://localhost:63343/
[Thu Sep 11 20:19:29.170328 2025] [authz_core:debug] [pid 28:tid 70] mod_authz_core.c(815): [client ::1:55210] AH01626: authorization result of Require all granted: granted, referer: http://localhost:63343/
[Thu Sep 11 20:19:29.170464 2025] [authz_core:debug] [pid 28:tid 70] mod_authz_core.c(815): [client ::1:55210] AH01626: authorization result of <RequireAny>: granted, referer: http://localhost:63343/
[Thu Sep 11 20:19:29.309707 2025] [authz_core:debug] [pid 9:tid 13] mod_authz_core.c(815): [client ::1:55222] AH01626: authorization result of Require all granted: granted, referer: http://localhost:63343/
[Thu Sep 11 20:19:29.310185 2025] [authz_core:debug] [pid 9:tid 13] mod_authz_core.c(815): [client ::1:55222] AH01626: authorization result of <RequireAny>: granted, referer: http://localhost:63343/
[Thu Sep 11 20:19:29.310627 2025] [authz_core:debug] [pid 9:tid 13] mod_authz_core.c(815): [client ::1:55222] AH01626: authorization result of Require all granted: granted, referer: http://localhost:63343/
[Thu Sep 11 20:19:29.310858 2025] [authz_core:debug] [pid 9:tid 13] mod_authz_core.c(815): [client ::1:55222] AH01626: authorization result of <RequireAny>: granted, referer: http://localhost:63343/
[Thu Sep 11 20:19:29.450188 2025] [authz_core:debug] [pid 28:tid 72] mod_authz_core.c(815): [client ::1:55244] AH01626: authorization result of Require all granted: granted, referer: http://localhost:63343/
[Thu Sep 11 20:19:29.450495 2025] [authz_core:debug] [pid 28:tid 72] mod_authz_core.c(815): [client ::1:55244] AH01626: authorization result of <RequireAny>: granted, referer: http://localhost:63343/
[Thu Sep 11 20:19:29.450667 2025] [authz_core:debug] [pid 28:tid 72] mod_authz_core.c(815): [client ::1:55244] AH01626: authorization result of Require all granted: granted, referer: http://localhost:63343/
[Thu Sep 11 20:19:29.450793 2025] [authz_core:debug] [pid 28:tid 72] mod_authz_core.c(815): [client ::1:55244] AH01626: authorization result of <RequireAny>: granted, referer: http://localhost:63343/
[Thu Sep 11 20:19:29.597592 2025] [authz_core:debug] [pid 28:tid 74] mod_authz_core.c(815): [client ::1:55262] AH01626: authorization result of Require all granted: granted, referer: http://localhost:63343/
[Thu Sep 11 20:19:29.597800 2025] [authz_core:debug] [pid 28:tid 74] mod_authz_core.c(815): [client ::1:55262] AH01626: authorization result of <RequireAny>: granted, referer: http://localhost:63343/
[Thu Sep 11 20:19:29.597950 2025] [authz_core:debug] [pid 28:tid 74] mod_authz_core.c(815): [client ::1:55262] AH01626: authorization result of Require all granted: granted, referer: http://localhost:63343/
[Thu Sep 11 20:19:29.598055 2025] [authz_core:debug] [pid 28:tid 74] mod_authz_core.c(815): [client ::1:55262] AH01626: authorization result of <RequireAny>: granted, referer: http://localhost:63343/
[Thu Sep 11 20:19:29.738397 2025] [authz_core:debug] [pid 28:tid 79] mod_authz_core.c(815): [client ::1:55282] AH01626: authorization result of Require all granted: granted, referer: http://localhost:63343/
[Thu Sep 11 20:19:29.738591 2025] [authz_core:debug] [pid 28:tid 79] mod_authz_core.c(815): [client ::1:55282] AH01626: authorization result of <RequireAny>: granted, referer: http://localhost:63343/
[Thu Sep 11 20:19:29.738738 2025] [authz_core:debug] [pid 28:tid 79] mod_authz_core.c(815): [client ::1:55282] AH01626: authorization result of Require all granted: granted, referer: http://localhost:63343/
[Thu Sep 11 20:19:29.738834 2025] [authz_core:debug] [pid 28:tid 79] mod_authz_core.c(815): [client ::1:55282] AH01626: authorization result of <RequireAny>: granted, referer: http://localhost:63343/
[Thu Sep 11 20:19:29.886407 2025] [authz_core:debug] [pid 28:tid 85] mod_authz_core.c(815): [client ::1:55290] AH01626: authorization result of Require all granted: granted, referer: http://localhost:63343/
[Thu Sep 11 20:19:29.886594 2025] [authz_core:debug] [pid 28:tid 85] mod_authz_core.c(815): [client ::1:55290] AH01626: authorization result of <RequireAny>: granted, referer: http://localhost:63343/
[Thu Sep 11 20:19:29.886725 2025] [authz_core:debug] [pid 28:tid 85] mod_authz_core.c(815): [client ::1:55290] AH01626: authorization result of Require all granted: granted, referer: http://localhost:63343/
[Thu Sep 11 20:19:29.886809 2025] [authz_core:debug] [pid 28:tid 85] mod_authz_core.c(815): [client ::1:55290] AH01626: authorization result of <RequireAny>: granted, referer: http://localhost:63343/
[Thu Sep 11 20:21:17.997998 2025] [authz_core:debug] [pid 28:tid 88] mod_authz_core.c(815): [client ::1:33236] AH01626: authorization result of Require all granted: granted, referer: http://localhost:63343/
[Thu Sep 11 20:21:17.998258 2025] [authz_core:debug] [pid 28:tid 88] mod_authz_core.c(815): [client ::1:33236] AH01626: authorization result of <RequireAny>: granted, referer: http://localhost:63343/
[Thu Sep 11 20:21:17.998744 2025] [authz_core:debug] [pid 28:tid 88] mod_authz_core.c(815): [client ::1:33236] AH01626: authorization result of Require all granted: granted, referer: http://localhost:63343/
[Thu Sep 11 20:21:17.998891 2025] [authz_core:debug] [pid 28:tid 88] mod_authz_core.c(815): [client ::1:33236] AH01626: authorization result of <RequireAny>: granted, referer: http://localhost:63343/
[Thu Sep 11 20:21:18.363142 2025] [authz_core:debug] [pid 28:tid 90] mod_authz_core.c(815): [client ::1:33246] AH01626: authorization result of Require all granted: granted, referer: http://localhost:63343/
[Thu Sep 11 20:21:18.363491 2025] [authz_core:debug] [pid 28:tid 90] mod_authz_core.c(815): [client ::1:33246] AH01626: authorization result of <RequireAny>: granted, referer: http://localhost:63343/
[Thu Sep 11 20:21:18.363648 2025] [authz_core:debug] [pid 28:tid 90] mod_authz_core.c(815): [client ::1:33246] AH01626: authorization result of Require all granted: granted, referer: http://localhost:63343/
[Thu Sep 11 20:21:18.363740 2025] [authz_core:debug] [pid 28:tid 90] mod_authz_core.c(815): [client ::1:33246] AH01626: authorization result of <RequireAny>: granted, referer: http://localhost:63343/
[Thu Sep 11 20:21:18.659770 2025] [authz_core:debug] [pid 28:tid 50] mod_authz_core.c(815): [client ::1:33258] AH01626: authorization result of Require all granted: granted, referer: http://localhost:63343/
[Thu Sep 11 20:21:18.660058 2025] [authz_core:debug] [pid 28:tid 50] mod_authz_core.c(815): [client ::1:33258] AH01626: authorization result of <RequireAny>: granted, referer: http://localhost:63343/
[Thu Sep 11 20:21:18.660206 2025] [authz_core:debug] [pid 28:tid 50] mod_authz_core.c(815): [client ::1:33258] AH01626: authorization result of Require all granted: granted, referer: http://localhost:63343/
[Thu Sep 11 20:21:18.660309 2025] [authz_core:debug] [pid 28:tid 50] mod_authz_core.c(815): [client ::1:33258] AH01626: authorization result of <RequireAny>: granted, referer: http://localhost:63343/
[Thu Sep 11 20:21:18.980817 2025] [authz_core:debug] [pid 28:tid 55] mod_authz_core.c(815): [client ::1:33276] AH01626: authorization result of Require all granted: granted, referer: http://localhost:63343/
[Thu Sep 11 20:21:18.981049 2025] [authz_core:debug] [pid 28:tid 55] mod_authz_core.c(815): [client ::1:33276] AH01626: authorization result of <RequireAny>: granted, referer: http://localhost:63343/
[Thu Sep 11 20:21:18.981288 2025] [authz_core:debug] [pid 28:tid 55] mod_authz_core.c(815): [client ::1:33276] AH01626: authorization result of Require all granted: granted, referer: http://localhost:63343/
[Thu Sep 11 20:21:18.981451 2025] [authz_core:debug] [pid 28:tid 55] mod_authz_core.c(815): [client ::1:33276] AH01626: authorization result of <RequireAny>: granted, referer: http://localhost:63343/
[Thu Sep 11 20:21:19.223617 2025] [authz_core:debug] [pid 28:tid 59] mod_authz_core.c(815): [client ::1:33294] AH01626: authorization result of Require all granted: granted, referer: http://localhost:63343/
[Thu Sep 11 20:21:19.223872 2025] [authz_core:debug] [pid 28:tid 59] mod_authz_core.c(815): [client ::1:33294] AH01626: authorization result of <RequireAny>: granted, referer: http://localhost:63343/
[Thu Sep 11 20:21:19.224025 2025] [authz_core:debug] [pid 28:tid 59] mod_authz_core.c(815): [client ::1:33294] AH01626: authorization result of Require all granted: granted, referer: http://localhost:63343/
[Thu Sep 11 20:21:19.224135 2025] [authz_core:debug] [pid 28:tid 59] mod_authz_core.c(815): [client ::1:33294] AH01626: authorization result of <RequireAny>: granted, referer: http://localhost:63343/
[Thu Sep 11 20:21:19.533948 2025] [authz_core:debug] [pid 28:tid 63] mod_authz_core.c(815): [client ::1:33316] AH01626: authorization result of Require all granted: granted, referer: http://localhost:63343/
[Thu Sep 11 20:21:19.541702 2025] [authz_core:debug] [pid 28:tid 63] mod_authz_core.c(815): [client ::1:33316] AH01626: authorization result of <RequireAny>: granted, referer: http://localhost:63343/
[Thu Sep 11 20:21:19.543950 2025] [authz_core:debug] [pid 28:tid 63] mod_authz_core.c(815): [client ::1:33316] AH01626: authorization result of Require all granted: granted, referer: http://localhost:63343/
[Thu Sep 11 20:21:19.549276 2025] [authz_core:debug] [pid 28:tid 63] mod_authz_core.c(815): [client ::1:33316] AH01626: authorization result of <RequireAny>: granted, referer: http://localhost:63343/
[Thu Sep 11 20:21:19.814155 2025] [authz_core:debug] [pid 28:tid 67] mod_authz_core.c(815): [client ::1:33338] AH01626: authorization result of Require all granted: granted, referer: http://localhost:63343/
[Thu Sep 11 20:21:19.814431 2025] [authz_core:debug] [pid 28:tid 67] mod_authz_core.c(815): [client ::1:33338] AH01626: authorization result of <RequireAny>: granted, referer: http://localhost:63343/
[Thu Sep 11 20:21:19.814628 2025] [authz_core:debug] [pid 28:tid 67] mod_authz_core.c(815): [client ::1:33338] AH01626: authorization result of Require all granted: granted, referer: http://localhost:63343/
[Thu Sep 11 20:21:19.814754 2025] [authz_core:debug] [pid 28:tid 67] mod_authz_core.c(815): [client ::1:33338] AH01626: authorization result of <RequireAny>: granted, referer: http://localhost:63343/
[Thu Sep 11 20:21:20.466059 2025] [authz_core:debug] [pid 28:tid 69] mod_authz_core.c(815): [client ::1:33356] AH01626: authorization result of Require all granted: granted, referer: http://localhost:63343/
[Thu Sep 11 20:21:20.466285 2025] [authz_core:debug] [pid 28:tid 69] mod_authz_core.c(815): [client ::1:33356] AH01626: authorization result of <RequireAny>: granted, referer: http://localhost:63343/
[Thu Sep 11 20:21:20.466505 2025] [authz_core:debug] [pid 28:tid 69] mod_authz_core.c(815): [client ::1:33356] AH01626: authorization result of Require all granted: granted, referer: http://localhost:63343/
[Thu Sep 11 20:21:20.466686 2025] [authz_core:debug] [pid 28:tid 69] mod_authz_core.c(815): [client ::1:33356] AH01626: authorization result of <RequireAny>: granted, referer: http://localhost:63343/
[Thu Sep 11 20:21:21.168610 2025] [authz_core:debug] [pid 28:tid 71] mod_authz_core.c(815): [client ::1:33370] AH01626: authorization result of Require all granted: granted, referer: http://localhost:63343/
[Thu Sep 11 20:21:21.168860 2025] [authz_core:debug] [pid 28:tid 71] mod_authz_core.c(815): [client ::1:33370] AH01626: authorization result of <RequireAny>: granted, referer: http://localhost:63343/
[Thu Sep 11 20:21:21.169025 2025] [authz_core:debug] [pid 28:tid 71] mod_authz_core.c(815): [client ::1:33370] AH01626: authorization result of Require all granted: granted, referer: http://localhost:63343/
[Thu Sep 11 20:21:21.169125 2025] [authz_core:debug] [pid 28:tid 71] mod_authz_core.c(815): [client ::1:33370] AH01626: authorization result of <RequireAny>: granted, referer: http://localhost:63343/
[Thu Sep 11 20:21:21.331248 2025] [authz_core:debug] [pid 28:tid 73] mod_authz_core.c(815): [client ::1:33386] AH01626: authorization result of Require all granted: granted, referer: http://localhost:63343/
[Thu Sep 11 20:21:21.331550 2025] [authz_core:debug] [pid 28:tid 73] mod_authz_core.c(815): [client ::1:33386] AH01626: authorization result of <RequireAny>: granted, referer: http://localhost:63343/
[Thu Sep 11 20:21:21.331715 2025] [authz_core:debug] [pid 28:tid 73] mod_authz_core.c(815): [client ::1:33386] AH01626: authorization result of Require all granted: granted, referer: http://localhost:63343/
[Thu Sep 11 20:21:21.331821 2025] [authz_core:debug] [pid 28:tid 73] mod_authz_core.c(815): [client ::1:33386] AH01626: authorization result of <RequireAny>: granted, referer: http://localhost:63343/
[Thu Sep 11 20:21:21.478958 2025] [authz_core:debug] [pid 28:tid 77] mod_authz_core.c(815): [client ::1:33416] AH01626: authorization result of Require all granted: granted, referer: http://localhost:63343/
[Thu Sep 11 20:21:21.479654 2025] [authz_core:debug] [pid 28:tid 77] mod_authz_core.c(815): [client ::1:33416] AH01626: authorization result of <RequireAny>: granted, referer: http://localhost:63343/
[Thu Sep 11 20:21:21.479876 2025] [authz_core:debug] [pid 28:tid 77] mod_authz_core.c(815): [client ::1:33416] AH01626: authorization result of Require all granted: granted, referer: http://localhost:63343/
[Thu Sep 11 20:21:21.480003 2025] [authz_core:debug] [pid 28:tid 77] mod_authz_core.c(815): [client ::1:33416] AH01626: authorization result of <RequireAny>: granted, referer: http://localhost:63343/
[Thu Sep 11 20:21:21.484832 2025] [mpm_event:debug] [pid 1:tid 1] event.c(751): Child 3 started: pid 93, gen 0, active 4/16, total 4/4/16
[Thu Sep 11 20:21:21.486760 2025] [mpm_event:debug] [pid 93:tid 94] event.c(2475): AH02471: start_threads: Using epoll (wakeable)
[Thu Sep 11 20:21:21.634810 2025] [authz_core:debug] [pid 28:tid 84] mod_authz_core.c(815): [client ::1:33432] AH01626: authorization result of Require all granted: granted, referer: http://localhost:63343/
[Thu Sep 11 20:21:21.635007 2025] [authz_core:debug] [pid 28:tid 84] mod_authz_core.c(815): [client ::1:33432] AH01626: authorization result of <RequireAny>: granted, referer: http://localhost:63343/
[Thu Sep 11 20:21:21.635134 2025] [authz_core:debug] [pid 28:tid 84] mod_authz_core.c(815): [client ::1:33432] AH01626: authorization result of Require all granted: granted, referer: http://localhost:63343/
[Thu Sep 11 20:21:21.635237 2025] [authz_core:debug] [pid 28:tid 84] mod_authz_core.c(815): [client ::1:33432] AH01626: authorization result of <RequireAny>: granted, referer: http://localhost:63343/
[Thu Sep 11 20:21:21.784327 2025] [authz_core:debug] [pid 93:tid 95] mod_authz_core.c(815): [client ::1:33450] AH01626: authorization result of Require all granted: granted, referer: http://localhost:63343/
[Thu Sep 11 20:21:21.784602 2025] [authz_core:debug] [pid 93:tid 95] mod_authz_core.c(815): [client ::1:33450] AH01626: authorization result of <RequireAny>: granted, referer: http://localhost:63343/
[Thu Sep 11 20:21:21.784867 2025] [authz_core:debug] [pid 93:tid 95] mod_authz_core.c(815): [client ::1:33450] AH01626: authorization result of Require all granted: granted, referer: http://localhost:63343/
[Thu Sep 11 20:21:21.784995 2025] [authz_core:debug] [pid 93:tid 95] mod_authz_core.c(815): [client ::1:33450] AH01626: authorization result of <RequireAny>: granted, referer: http://localhost:63343/
[Thu Sep 11 20:28:50.654862 2025] [authz_core:debug] [pid 93:tid 97] mod_authz_core.c(815): [client ::1:40042] AH01626: authorization result of Require all granted: granted, referer: http://localhost:63343/
[Thu Sep 11 20:28:50.655185 2025] [authz_core:debug] [pid 93:tid 97] mod_authz_core.c(815): [client ::1:40042] AH01626: authorization result of <RequireAny>: granted, referer: http://localhost:63343/
[Thu Sep 11 20:28:50.655532 2025] [authz_core:debug] [pid 93:tid 97] mod_authz_core.c(815): [client ::1:40042] AH01626: authorization result of Require all granted: granted, referer: http://localhost:63343/
[Thu Sep 11 20:28:50.656334 2025] [authz_core:debug] [pid 93:tid 97] mod_authz_core.c(815): [client ::1:40042] AH01626: authorization result of <RequireAny>: granted, referer: http://localhost:63343/
[Thu Sep 11 20:28:50.785447 2025] [authz_core:debug] [pid 28:tid 87] mod_authz_core.c(815): [client ::1:40052] AH01626: authorization result of Require all granted: granted, referer: http://localhost:63343/
[Thu Sep 11 20:28:50.785670 2025] [authz_core:debug] [pid 28:tid 87] mod_authz_core.c(815): [client ::1:40052] AH01626: authorization result of <RequireAny>: granted, referer: http://localhost:63343/
[Thu Sep 11 20:28:50.785849 2025] [authz_core:debug] [pid 28:tid 87] mod_authz_core.c(815): [client ::1:40052] AH01626: authorization result of Require all granted: granted, referer: http://localhost:63343/
[Thu Sep 11 20:28:50.785941 2025] [authz_core:debug] [pid 28:tid 87] mod_authz_core.c(815): [client ::1:40052] AH01626: authorization result of <RequireAny>: granted, referer: http://localhost:63343/
[Thu Sep 11 20:28:50.941246 2025] [authz_core:debug] [pid 93:tid 99] mod_authz_core.c(815): [client ::1:40070] AH01626: authorization result of Require all granted: granted, referer: http://localhost:63343/
[Thu Sep 11 20:28:50.941519 2025] [authz_core:debug] [pid 93:tid 99] mod_authz_core.c(815): [client ::1:40070] AH01626: authorization result of <RequireAny>: granted, referer: http://localhost:63343/
[Thu Sep 11 20:28:50.941693 2025] [authz_core:debug] [pid 93:tid 99] mod_authz_core.c(815): [client ::1:40070] AH01626: authorization result of Require all granted: granted, referer: http://localhost:63343/
[Thu Sep 11 20:28:50.941868 2025] [authz_core:debug] [pid 93:tid 99] mod_authz_core.c(815): [client ::1:40070] AH01626: authorization result of <RequireAny>: granted, referer: http://localhost:63343/
[Thu Sep 11 20:28:51.084107 2025] [authz_core:debug] [pid 93:tid 101] mod_authz_core.c(815): [client ::1:40076] AH01626: authorization result of Require all granted: granted, referer: http://localhost:63343/
[Thu Sep 11 20:28:51.084300 2025] [authz_core:debug] [pid 93:tid 101] mod_authz_core.c(815): [client ::1:40076] AH01626: authorization result of <RequireAny>: granted, referer: http://localhost:63343/
[Thu Sep 11 20:28:51.084428 2025] [authz_core:debug] [pid 93:tid 101] mod_authz_core.c(815): [client ::1:40076] AH01626: authorization result of Require all granted: granted, referer: http://localhost:63343/
[Thu Sep 11 20:28:51.084519 2025] [authz_core:debug] [pid 93:tid 101] mod_authz_core.c(815): [client ::1:40076] AH01626: authorization result of <RequireAny>: granted, referer: http://localhost:63343/
[Thu Sep 11 20:28:51.245333 2025] [authz_core:debug] [pid 93:tid 106] mod_authz_core.c(815): [client ::1:40096] AH01626: authorization result of Require all granted: granted, referer: http://localhost:63343/
[Thu Sep 11 20:28:51.245537 2025] [authz_core:debug] [pid 93:tid 106] mod_authz_core.c(815): [client ::1:40096] AH01626: authorization result of <RequireAny>: granted, referer: http://localhost:63343/
[Thu Sep 11 20:28:51.245685 2025] [authz_core:debug] [pid 93:tid 106] mod_authz_core.c(815): [client ::1:40096] AH01626: authorization result of Require all granted: granted, referer: http://localhost:63343/
[Thu Sep 11 20:28:51.245846 2025] [authz_core:debug] [pid 93:tid 106] mod_authz_core.c(815): [client ::1:40096] AH01626: authorization result of <RequireAny>: granted, referer: http://localhost:63343/
[Thu Sep 11 20:28:51.461270 2025] [authz_core:debug] [pid 11:tid 38] mod_authz_core.c(815): [client ::1:40116] AH01626: authorization result of Require all granted: granted, referer: http://localhost:63343/
[Thu Sep 11 20:28:51.461755 2025] [authz_core:debug] [pid 11:tid 38] mod_authz_core.c(815): [client ::1:40116] AH01626: authorization result of <RequireAny>: granted, referer: http://localhost:63343/
[Thu Sep 11 20:28:51.462068 2025] [authz_core:debug] [pid 11:tid 38] mod_authz_core.c(815): [client ::1:40116] AH01626: authorization result of Require all granted: granted, referer: http://localhost:63343/
[Thu Sep 11 20:28:51.462239 2025] [authz_core:debug] [pid 11:tid 38] mod_authz_core.c(815): [client ::1:40116] AH01626: authorization result of <RequireAny>: granted, referer: http://localhost:63343/
[Thu Sep 11 20:28:51.939505 2025] [authz_core:debug] [pid 93:tid 102] mod_authz_core.c(815): [client ::1:40124] AH01626: authorization result of Require all granted: granted, referer: http://localhost:63343/
[Thu Sep 11 20:28:51.939768 2025] [authz_core:debug] [pid 93:tid 102] mod_authz_core.c(815): [client ::1:40124] AH01626: authorization result of <RequireAny>: granted, referer: http://localhost:63343/
[Thu Sep 11 20:28:51.939967 2025] [authz_core:debug] [pid 93:tid 102] mod_authz_core.c(815): [client ::1:40124] AH01626: authorization result of Require all granted: granted, referer: http://localhost:63343/
[Thu Sep 11 20:28:51.940192 2025] [authz_core:debug] [pid 93:tid 102] mod_authz_core.c(815): [client ::1:40124] AH01626: authorization result of <RequireAny>: granted, referer: http://localhost:63343/
[Thu Sep 11 20:28:52.080091 2025] [authz_core:debug] [pid 93:tid 103] mod_authz_core.c(815): [client ::1:40142] AH01626: authorization result of Require all granted: granted, referer: http://localhost:63343/
[Thu Sep 11 20:28:52.080305 2025] [authz_core:debug] [pid 93:tid 103] mod_authz_core.c(815): [client ::1:40142] AH01626: authorization result of <RequireAny>: granted, referer: http://localhost:63343/
[Thu Sep 11 20:28:52.080438 2025] [authz_core:debug] [pid 93:tid 103] mod_authz_core.c(815): [client ::1:40142] AH01626: authorization result of Require all granted: granted, referer: http://localhost:63343/
[Thu Sep 11 20:28:52.080567 2025] [authz_core:debug] [pid 93:tid 103] mod_authz_core.c(815): [client ::1:40142] AH01626: authorization result of <RequireAny>: granted, referer: http://localhost:63343/
[Thu Sep 11 20:28:52.214387 2025] [authz_core:debug] [pid 93:tid 109] mod_authz_core.c(815): [client ::1:40168] AH01626: authorization result of Require all granted: granted, referer: http://localhost:63343/
[Thu Sep 11 20:28:52.214608 2025] [authz_core:debug] [pid 93:tid 109] mod_authz_core.c(815): [client ::1:40168] AH01626: authorization result of <RequireAny>: granted, referer: http://localhost:63343/
[Thu Sep 11 20:28:52.214811 2025] [authz_core:debug] [pid 93:tid 109] mod_authz_core.c(815): [client ::1:40168] AH01626: authorization result of Require all granted: granted, referer: http://localhost:63343/
[Thu Sep 11 20:28:52.214913 2025] [authz_core:debug] [pid 93:tid 109] mod_authz_core.c(815): [client ::1:40168] AH01626: authorization result of <RequireAny>: granted, referer: http://localhost:63343/
[Thu Sep 11 20:31:41.060929 2025] [authz_core:debug] [pid 93:tid 111] mod_authz_core.c(815): [client ::1:55036] AH01626: authorization result of Require all granted: granted, referer: http://localhost:63343/
[Thu Sep 11 20:31:41.061151 2025] [authz_core:debug] [pid 93:tid 111] mod_authz_core.c(815): [client ::1:55036] AH01626: authorization result of <RequireAny>: granted, referer: http://localhost:63343/
[Thu Sep 11 20:31:41.061406 2025] [authz_core:debug] [pid 93:tid 111] mod_authz_core.c(815): [client ::1:55036] AH01626: authorization result of Require all granted: granted, referer: http://localhost:63343/
[Thu Sep 11 20:31:41.061584 2025] [authz_core:debug] [pid 93:tid 111] mod_authz_core.c(815): [client ::1:55036] AH01626: authorization result of <RequireAny>: granted, referer: http://localhost:63343/
[Thu Sep 11 20:31:41.348958 2025] [authz_core:debug] [pid 93:tid 113] mod_authz_core.c(815): [client ::1:55046] AH01626: authorization result of Require all granted: granted, referer: http://localhost:63343/
[Thu Sep 11 20:31:41.349154 2025] [authz_core:debug] [pid 93:tid 113] mod_authz_core.c(815): [client ::1:55046] AH01626: authorization result of <RequireAny>: granted, referer: http://localhost:63343/
[Thu Sep 11 20:31:41.349267 2025] [authz_core:debug] [pid 93:tid 113] mod_authz_core.c(815): [client ::1:55046] AH01626: authorization result of Require all granted: granted, referer: http://localhost:63343/
[Thu Sep 11 20:31:41.349349 2025] [authz_core:debug] [pid 93:tid 113] mod_authz_core.c(815): [client ::1:55046] AH01626: authorization result of <RequireAny>: granted, referer: http://localhost:63343/
[Thu Sep 11 20:31:41.604642 2025] [authz_core:debug] [pid 93:tid 114] mod_authz_core.c(815): [client ::1:55070] AH01626: authorization result of Require all granted: granted, referer: http://localhost:63343/
[Thu Sep 11 20:31:41.604954 2025] [authz_core:debug] [pid 93:tid 114] mod_authz_core.c(815): [client ::1:55070] AH01626: authorization result of <RequireAny>: granted, referer: http://localhost:63343/
[Thu Sep 11 20:31:41.605101 2025] [authz_core:debug] [pid 93:tid 114] mod_authz_core.c(815): [client ::1:55070] AH01626: authorization result of Require all granted: granted, referer: http://localhost:63343/
[Thu Sep 11 20:31:41.605248 2025] [authz_core:debug] [pid 93:tid 114] mod_authz_core.c(815): [client ::1:55070] AH01626: authorization result of <RequireAny>: granted, referer: http://localhost:63343/
[Thu Sep 11 20:31:41.890199 2025] [authz_core:debug] [pid 93:tid 117] mod_authz_core.c(815): [client ::1:55090] AH01626: authorization result of Require all granted: granted, referer: http://localhost:63343/
[Thu Sep 11 20:31:41.890386 2025] [authz_core:debug] [pid 93:tid 117] mod_authz_core.c(815): [client ::1:55090] AH01626: authorization result of <RequireAny>: granted, referer: http://localhost:63343/
[Thu Sep 11 20:31:41.890537 2025] [authz_core:debug] [pid 93:tid 117] mod_authz_core.c(815): [client ::1:55090] AH01626: authorization result of Require all granted: granted, referer: http://localhost:63343/
[Thu Sep 11 20:31:41.890621 2025] [authz_core:debug] [pid 93:tid 117] mod_authz_core.c(815): [client ::1:55090] AH01626: authorization result of <RequireAny>: granted, referer: http://localhost:63343/
[Thu Sep 11 20:31:42.204381 2025] [authz_core:debug] [pid 93:tid 119] mod_authz_core.c(815): [client ::1:55098] AH01626: authorization result of Require all granted: granted, referer: http://localhost:63343/
[Thu Sep 11 20:31:42.204685 2025] [authz_core:debug] [pid 93:tid 119] mod_authz_core.c(815): [client ::1:55098] AH01626: authorization result of <RequireAny>: granted, referer: http://localhost:63343/
[Thu Sep 11 20:31:42.204850 2025] [authz_core:debug] [pid 93:tid 119] mod_authz_core.c(815): [client ::1:55098] AH01626: authorization result of Require all granted: granted, referer: http://localhost:63343/
[Thu Sep 11 20:31:42.204935 2025] [authz_core:debug] [pid 93:tid 119] mod_authz_core.c(815): [client ::1:55098] AH01626: authorization result of <RequireAny>: granted, referer: http://localhost:63343/
[Thu Sep 11 20:31:42.367962 2025] [authz_core:debug] [pid 93:tid 96] mod_authz_core.c(815): [client ::1:55122] AH01626: authorization result of Require all granted: granted, referer: http://localhost:63343/
[Thu Sep 11 20:31:42.368180 2025] [authz_core:debug] [pid 93:tid 96] mod_authz_core.c(815): [client ::1:55122] AH01626: authorization result of <RequireAny>: granted, referer: http://localhost:63343/
[Thu Sep 11 20:31:42.368314 2025] [authz_core:debug] [pid 93:tid 96] mod_authz_core.c(815): [client ::1:55122] AH01626: authorization result of Require all granted: granted, referer: http://localhost:63343/
[Thu Sep 11 20:31:42.368474 2025] [authz_core:debug] [pid 93:tid 96] mod_authz_core.c(815): [client ::1:55122] AH01626: authorization result of <RequireAny>: granted, referer: http://localhost:63343/
[Thu Sep 11 20:31:42.517203 2025] [authz_core:debug] [pid 93:tid 98] mod_authz_core.c(815): [client ::1:55152] AH01626: authorization result of Require all granted: granted, referer: http://localhost:63343/
[Thu Sep 11 20:31:42.517427 2025] [authz_core:debug] [pid 93:tid 98] mod_authz_core.c(815): [client ::1:55152] AH01626: authorization result of <RequireAny>: granted, referer: http://localhost:63343/
[Thu Sep 11 20:31:42.517571 2025] [authz_core:debug] [pid 93:tid 98] mod_authz_core.c(815): [client ::1:55152] AH01626: authorization result of Require all granted: granted, referer: http://localhost:63343/
[Thu Sep 11 20:31:42.517668 2025] [authz_core:debug] [pid 93:tid 98] mod_authz_core.c(815): [client ::1:55152] AH01626: authorization result of <RequireAny>: granted, referer: http://localhost:63343/
[Thu Sep 11 20:31:42.670355 2025] [authz_core:debug] [pid 93:tid 100] mod_authz_core.c(815): [client ::1:55164] AH01626: authorization result of Require all granted: granted, referer: http://localhost:63343/
[Thu Sep 11 20:31:42.670532 2025] [authz_core:debug] [pid 93:tid 100] mod_authz_core.c(815): [client ::1:55164] AH01626: authorization result of <RequireAny>: granted, referer: http://localhost:63343/
[Thu Sep 11 20:31:42.670714 2025] [authz_core:debug] [pid 93:tid 100] mod_authz_core.c(815): [client ::1:55164] AH01626: authorization result of Require all granted: granted, referer: http://localhost:63343/
[Thu Sep 11 20:31:42.670837 2025] [authz_core:debug] [pid 93:tid 100] mod_authz_core.c(815): [client ::1:55164] AH01626: authorization result of <RequireAny>: granted, referer: http://localhost:63343/
[Thu Sep 11 20:31:42.814282 2025] [authz_core:debug] [pid 93:tid 105] mod_authz_core.c(815): [client ::1:55184] AH01626: authorization result of Require all granted: granted, referer: http://localhost:63343/
[Thu Sep 11 20:31:42.814761 2025] [authz_core:debug] [pid 93:tid 105] mod_authz_core.c(815): [client ::1:55184] AH01626: authorization result of <RequireAny>: granted, referer: http://localhost:63343/
[Thu Sep 11 20:31:42.814935 2025] [authz_core:debug] [pid 93:tid 105] mod_authz_core.c(815): [client ::1:55184] AH01626: authorization result of Require all granted: granted, referer: http://localhost:63343/
[Thu Sep 11 20:31:42.815031 2025] [authz_core:debug] [pid 93:tid 105] mod_authz_core.c(815): [client ::1:55184] AH01626: authorization result of <RequireAny>: granted, referer: http://localhost:63343/
[Thu Sep 11 20:31:42.957036 2025] [authz_core:debug] [pid 93:tid 104] mod_authz_core.c(815): [client ::1:55202] AH01626: authorization result of Require all granted: granted, referer: http://localhost:63343/
[Thu Sep 11 20:31:42.957337 2025] [authz_core:debug] [pid 93:tid 104] mod_authz_core.c(815): [client ::1:55202] AH01626: authorization result of <RequireAny>: granted, referer: http://localhost:63343/
[Thu Sep 11 20:31:42.957457 2025] [authz_core:debug] [pid 93:tid 104] mod_authz_core.c(815): [client ::1:55202] AH01626: authorization result of Require all granted: granted, referer: http://localhost:63343/
[Thu Sep 11 20:31:42.957537 2025] [authz_core:debug] [pid 93:tid 104] mod_authz_core.c(815): [client ::1:55202] AH01626: authorization result of <RequireAny>: granted, referer: http://localhost:63343/
[Thu Sep 11 20:31:43.598531 2025] [authz_core:debug] [pid 93:tid 107] mod_authz_core.c(815): [client ::1:55224] AH01626: authorization result of Require all granted: granted, referer: http://localhost:63343/
[Thu Sep 11 20:31:43.598717 2025] [authz_core:debug] [pid 93:tid 107] mod_authz_core.c(815): [client ::1:55224] AH01626: authorization result of <RequireAny>: granted, referer: http://localhost:63343/
[Thu Sep 11 20:31:43.598850 2025] [authz_core:debug] [pid 93:tid 107] mod_authz_core.c(815): [client ::1:55224] AH01626: authorization result of Require all granted: granted, referer: http://localhost:63343/
[Thu Sep 11 20:31:43.598954 2025] [authz_core:debug] [pid 93:tid 107] mod_authz_core.c(815): [client ::1:55224] AH01626: authorization result of <RequireAny>: granted, referer: http://localhost:63343/
[Thu Sep 11 20:31:44.933845 2025] [authz_core:debug] [pid 28:tid 89] mod_authz_core.c(815): [client ::1:55242] AH01626: authorization result of Require all granted: granted, referer: http://localhost:63343/
[Thu Sep 11 20:31:44.934044 2025] [authz_core:debug] [pid 28:tid 89] mod_authz_core.c(815): [client ::1:55242] AH01626: authorization result of <RequireAny>: granted, referer: http://localhost:63343/
[Thu Sep 11 20:31:44.934280 2025] [authz_core:debug] [pid 28:tid 89] mod_authz_core.c(815): [client ::1:55242] AH01626: authorization result of Require all granted: granted, referer: http://localhost:63343/
[Thu Sep 11 20:31:44.934376 2025] [authz_core:debug] [pid 28:tid 89] mod_authz_core.c(815): [client ::1:55242] AH01626: authorization result of <RequireAny>: granted, referer: http://localhost:63343/
[Thu Sep 11 20:31:46.100442 2025] [authz_core:debug] [pid 93:tid 108] mod_authz_core.c(815): [client ::1:55258] AH01626: authorization result of Require all granted: granted, referer: http://localhost:63343/
[Thu Sep 11 20:31:46.100623 2025] [authz_core:debug] [pid 93:tid 108] mod_authz_core.c(815): [client ::1:55258] AH01626: authorization result of <RequireAny>: granted, referer: http://localhost:63343/
[Thu Sep 11 20:31:46.100828 2025] [authz_core:debug] [pid 93:tid 108] mod_authz_core.c(815): [client ::1:55258] AH01626: authorization result of Require all granted: granted, referer: http://localhost:63343/
[Thu Sep 11 20:31:46.100930 2025] [authz_core:debug] [pid 93:tid 108] mod_authz_core.c(815): [client ::1:55258] AH01626: authorization result of <RequireAny>: granted, referer: http://localhost:63343/
[Thu Sep 11 20:31:46.799320 2025] [authz_core:debug] [pid 93:tid 110] mod_authz_core.c(815): [client ::1:55268] AH01626: authorization result of Require all granted: granted, referer: http://localhost:63343/
[Thu Sep 11 20:31:46.800085 2025] [authz_core:debug] [pid 93:tid 110] mod_authz_core.c(815): [client ::1:55268] AH01626: authorization result of <RequireAny>: granted, referer: http://localhost:63343/
[Thu Sep 11 20:31:46.800467 2025] [authz_core:debug] [pid 93:tid 110] mod_authz_core.c(815): [client ::1:55268] AH01626: authorization result of Require all granted: granted, referer: http://localhost:63343/
[Thu Sep 11 20:31:46.800618 2025] [authz_core:debug] [pid 93:tid 110] mod_authz_core.c(815): [client ::1:55268] AH01626: authorization result of <RequireAny>: granted, referer: http://localhost:63343/
[Thu Sep 11 20:31:47.566665 2025] [authz_core:debug] [pid 93:tid 112] mod_authz_core.c(815): [client ::1:55296] AH01626: authorization result of Require all granted: granted, referer: http://localhost:63343/
[Thu Sep 11 20:31:47.566858 2025] [authz_core:debug] [pid 93:tid 112] mod_authz_core.c(815): [client ::1:55296] AH01626: authorization result of <RequireAny>: granted, referer: http://localhost:63343/
[Thu Sep 11 20:31:47.567000 2025] [authz_core:debug] [pid 93:tid 112] mod_authz_core.c(815): [client ::1:55296] AH01626: authorization result of Require all granted: granted, referer: http://localhost:63343/
[Thu Sep 11 20:31:47.567094 2025] [authz_core:debug] [pid 93:tid 112] mod_authz_core.c(815): [client ::1:55296] AH01626: authorization result of <RequireAny>: granted, referer: http://localhost:63343/
[Thu Sep 11 20:31:47.775511 2025] [authz_core:debug] [pid 93:tid 115] mod_authz_core.c(815): [client ::1:55312] AH01626: authorization result of Require all granted: granted, referer: http://localhost:63343/
[Thu Sep 11 20:31:47.775805 2025] [authz_core:debug] [pid 93:tid 115] mod_authz_core.c(815): [client ::1:55312] AH01626: authorization result of <RequireAny>: granted, referer: http://localhost:63343/
[Thu Sep 11 20:31:47.776768 2025] [authz_core:debug] [pid 93:tid 115] mod_authz_core.c(815): [client ::1:55312] AH01626: authorization result of Require all granted: granted, referer: http://localhost:63343/
[Thu Sep 11 20:31:47.777024 2025] [authz_core:debug] [pid 93:tid 115] mod_authz_core.c(815): [client ::1:55312] AH01626: authorization result of <RequireAny>: granted, referer: http://localhost:63343/
[Thu Sep 11 20:31:48.988779 2025] [authz_core:debug] [pid 28:tid 91] mod_authz_core.c(815): [client ::1:55330] AH01626: authorization result of Require all granted: granted, referer: http://localhost:63343/
[Thu Sep 11 20:31:48.988974 2025] [authz_core:debug] [pid 28:tid 91] mod_authz_core.c(815): [client ::1:55330] AH01626: authorization result of <RequireAny>: granted, referer: http://localhost:63343/
[Thu Sep 11 20:31:48.989162 2025] [authz_core:debug] [pid 28:tid 91] mod_authz_core.c(815): [client ::1:55330] AH01626: authorization result of Require all granted: granted, referer: http://localhost:63343/
[Thu Sep 11 20:31:48.989247 2025] [authz_core:debug] [pid 28:tid 91] mod_authz_core.c(815): [client ::1:55330] AH01626: authorization result of <RequireAny>: granted, referer: http://localhost:63343/
[Thu Sep 11 20:34:37.082488 2025] [authz_core:debug] [pid 93:tid 116] mod_authz_core.c(815): [client ::1:34226] AH01626: authorization result of Require all granted: granted, referer: http://localhost:63343/
[Thu Sep 11 20:34:37.082801 2025] [authz_core:debug] [pid 93:tid 116] mod_authz_core.c(815): [client ::1:34226] AH01626: authorization result of <RequireAny>: granted, referer: http://localhost:63343/
[Thu Sep 11 20:34:37.082971 2025] [authz_core:debug] [pid 93:tid 116] mod_authz_core.c(815): [client ::1:34226] AH01626: authorization result of Require all granted: granted, referer: http://localhost:63343/
[Thu Sep 11 20:34:37.083064 2025] [authz_core:debug] [pid 93:tid 116] mod_authz_core.c(815): [client ::1:34226] AH01626: authorization result of <RequireAny>: granted, referer: http://localhost:63343/
[Thu Sep 11 20:34:37.364651 2025] [authz_core:debug] [pid 93:tid 118] mod_authz_core.c(815): [client ::1:34244] AH01626: authorization result of Require all granted: granted, referer: http://localhost:63343/
[Thu Sep 11 20:34:37.364871 2025] [authz_core:debug] [pid 93:tid 118] mod_authz_core.c(815): [client ::1:34244] AH01626: authorization result of <RequireAny>: granted, referer: http://localhost:63343/
[Thu Sep 11 20:34:37.365031 2025] [authz_core:debug] [pid 93:tid 118] mod_authz_core.c(815): [client ::1:34244] AH01626: authorization result of Require all granted: granted, referer: http://localhost:63343/
[Thu Sep 11 20:34:37.365155 2025] [authz_core:debug] [pid 93:tid 118] mod_authz_core.c(815): [client ::1:34244] AH01626: authorization result of <RequireAny>: granted, referer: http://localhost:63343/
[Thu Sep 11 20:34:38.636859 2025] [authz_core:debug] [pid 93:tid 95] mod_authz_core.c(815): [client ::1:34270] AH01626: authorization result of Require all granted: granted, referer: http://localhost:63343/
[Thu Sep 11 20:34:38.637039 2025] [authz_core:debug] [pid 93:tid 95] mod_authz_core.c(815): [client ::1:34270] AH01626: authorization result of <RequireAny>: granted, referer: http://localhost:63343/
[Thu Sep 11 20:34:38.637193 2025] [authz_core:debug] [pid 93:tid 95] mod_authz_core.c(815): [client ::1:34270] AH01626: authorization result of Require all granted: granted, referer: http://localhost:63343/
[Thu Sep 11 20:34:38.637298 2025] [authz_core:debug] [pid 93:tid 95] mod_authz_core.c(815): [client ::1:34270] AH01626: authorization result of <RequireAny>: granted, referer: http://localhost:63343/
[Thu Sep 11 20:34:38.787215 2025] [authz_core:debug] [pid 93:tid 97] mod_authz_core.c(815): [client ::1:34288] AH01626: authorization result of Require all granted: granted, referer: http://localhost:63343/
[Thu Sep 11 20:34:38.787437 2025] [authz_core:debug] [pid 93:tid 97] mod_authz_core.c(815): [client ::1:34288] AH01626: authorization result of <RequireAny>: granted, referer: http://localhost:63343/
[Thu Sep 11 20:34:38.787584 2025] [authz_core:debug] [pid 93:tid 97] mod_authz_core.c(815): [client ::1:34288] AH01626: authorization result of Require all granted: granted, referer: http://localhost:63343/
[Thu Sep 11 20:34:38.787673 2025] [authz_core:debug] [pid 93:tid 97] mod_authz_core.c(815): [client ::1:34288] AH01626: authorization result of <RequireAny>: granted, referer: http://localhost:63343/
[Thu Sep 11 20:34:38.938124 2025] [authz_core:debug] [pid 93:tid 99] mod_authz_core.c(815): [client ::1:34314] AH01626: authorization result of Require all granted: granted, referer: http://localhost:63343/
[Thu Sep 11 20:34:38.938369 2025] [authz_core:debug] [pid 93:tid 99] mod_authz_core.c(815): [client ::1:34314] AH01626: authorization result of <RequireAny>: granted, referer: http://localhost:63343/
[Thu Sep 11 20:34:38.938516 2025] [authz_core:debug] [pid 93:tid 99] mod_authz_core.c(815): [client ::1:34314] AH01626: authorization result of Require all granted: granted, referer: http://localhost:63343/
[Thu Sep 11 20:34:38.938598 2025] [authz_core:debug] [pid 93:tid 99] mod_authz_core.c(815): [client ::1:34314] AH01626: authorization result of <RequireAny>: granted, referer: http://localhost:63343/
[Thu Sep 11 20:35:53.673680 2025] [authz_core:debug] [pid 93:tid 101] mod_authz_core.c(815): [client ::1:47674] AH01626: authorization result of Require all granted: granted, referer: http://localhost:63343/
[Thu Sep 11 20:35:53.673894 2025] [authz_core:debug] [pid 93:tid 101] mod_authz_core.c(815): [client ::1:47674] AH01626: authorization result of <RequireAny>: granted, referer: http://localhost:63343/
[Thu Sep 11 20:35:53.674095 2025] [authz_core:debug] [pid 93:tid 101] mod_authz_core.c(815): [client ::1:47674] AH01626: authorization result of Require all granted: granted, referer: http://localhost:63343/
[Thu Sep 11 20:35:53.674238 2025] [authz_core:debug] [pid 93:tid 101] mod_authz_core.c(815): [client ::1:47674] AH01626: authorization result of <RequireAny>: granted, referer: http://localhost:63343/
[Thu Sep 11 20:35:53.817843 2025] [authz_core:debug] [pid 93:tid 106] mod_authz_core.c(815): [client ::1:47696] AH01626: authorization result of Require all granted: granted, referer: http://localhost:63343/
[Thu Sep 11 20:35:53.818066 2025] [authz_core:debug] [pid 93:tid 106] mod_authz_core.c(815): [client ::1:47696] AH01626: authorization result of <RequireAny>: granted, referer: http://localhost:63343/
[Thu Sep 11 20:35:53.818257 2025] [authz_core:debug] [pid 93:tid 106] mod_authz_core.c(815): [client ::1:47696] AH01626: authorization result of Require all granted: granted, referer: http://localhost:63343/
[Thu Sep 11 20:35:53.818408 2025] [authz_core:debug] [pid 93:tid 106] mod_authz_core.c(815): [client ::1:47696] AH01626: authorization result of <RequireAny>: granted, referer: http://localhost:63343/
[Thu Sep 11 20:35:53.967729 2025] [authz_core:debug] [pid 93:tid 102] mod_authz_core.c(815): [client ::1:47704] AH01626: authorization result of Require all granted: granted, referer: http://localhost:63343/
[Thu Sep 11 20:35:53.971505 2025] [authz_core:debug] [pid 93:tid 102] mod_authz_core.c(815): [client ::1:47704] AH01626: authorization result of <RequireAny>: granted, referer: http://localhost:63343/
[Thu Sep 11 20:35:53.975736 2025] [authz_core:debug] [pid 93:tid 102] mod_authz_core.c(815): [client ::1:47704] AH01626: authorization result of Require all granted: granted, referer: http://localhost:63343/
[Thu Sep 11 20:35:53.984102 2025] [authz_core:debug] [pid 93:tid 102] mod_authz_core.c(815): [client ::1:47704] AH01626: authorization result of <RequireAny>: granted, referer: http://localhost:63343/
[Thu Sep 11 20:35:54.114871 2025] [authz_core:debug] [pid 93:tid 103] mod_authz_core.c(815): [client ::1:47722] AH01626: authorization result of Require all granted: granted, referer: http://localhost:63343/
[Thu Sep 11 20:35:54.115061 2025] [authz_core:debug] [pid 93:tid 103] mod_authz_core.c(815): [client ::1:47722] AH01626: authorization result of <RequireAny>: granted, referer: http://localhost:63343/
[Thu Sep 11 20:35:54.115200 2025] [authz_core:debug] [pid 93:tid 103] mod_authz_core.c(815): [client ::1:47722] AH01626: authorization result of Require all granted: granted, referer: http://localhost:63343/
[Thu Sep 11 20:35:54.115310 2025] [authz_core:debug] [pid 93:tid 103] mod_authz_core.c(815): [client ::1:47722] AH01626: authorization result of <RequireAny>: granted, referer: http://localhost:63343/
[Thu Sep 11 20:35:54.268041 2025] [authz_core:debug] [pid 93:tid 109] mod_authz_core.c(815): [client ::1:47742] AH01626: authorization result of Require all granted: granted, referer: http://localhost:63343/
[Thu Sep 11 20:35:54.268277 2025] [authz_core:debug] [pid 93:tid 109] mod_authz_core.c(815): [client ::1:47742] AH01626: authorization result of <RequireAny>: granted, referer: http://localhost:63343/
[Thu Sep 11 20:35:54.268433 2025] [authz_core:debug] [pid 93:tid 109] mod_authz_core.c(815): [client ::1:47742] AH01626: authorization result of Require all granted: granted, referer: http://localhost:63343/
[Thu Sep 11 20:35:54.268528 2025] [authz_core:debug] [pid 93:tid 109] mod_authz_core.c(815): [client ::1:47742] AH01626: authorization result of <RequireAny>: granted, referer: http://localhost:63343/
[Thu Sep 11 20:35:54.413798 2025] [authz_core:debug] [pid 93:tid 111] mod_authz_core.c(815): [client ::1:47766] AH01626: authorization result of Require all granted: granted, referer: http://localhost:63343/
[Thu Sep 11 20:35:54.414039 2025] [authz_core:debug] [pid 93:tid 111] mod_authz_core.c(815): [client ::1:47766] AH01626: authorization result of <RequireAny>: granted, referer: http://localhost:63343/
[Thu Sep 11 20:35:54.414188 2025] [authz_core:debug] [pid 93:tid 111] mod_authz_core.c(815): [client ::1:47766] AH01626: authorization result of Require all granted: granted, referer: http://localhost:63343/
[Thu Sep 11 20:35:54.414272 2025] [authz_core:debug] [pid 93:tid 111] mod_authz_core.c(815): [client ::1:47766] AH01626: authorization result of <RequireAny>: granted, referer: http://localhost:63343/
[Thu Sep 11 20:35:54.571283 2025] [authz_core:debug] [pid 93:tid 113] mod_authz_core.c(815): [client ::1:47772] AH01626: authorization result of Require all granted: granted, referer: http://localhost:63343/
[Thu Sep 11 20:35:54.571572 2025] [authz_core:debug] [pid 93:tid 113] mod_authz_core.c(815): [client ::1:47772] AH01626: authorization result of <RequireAny>: granted, referer: http://localhost:63343/
[Thu Sep 11 20:35:54.571814 2025] [authz_core:debug] [pid 93:tid 113] mod_authz_core.c(815): [client ::1:47772] AH01626: authorization result of Require all granted: granted, referer: http://localhost:63343/
[Thu Sep 11 20:35:54.572015 2025] [authz_core:debug] [pid 93:tid 113] mod_authz_core.c(815): [client ::1:47772] AH01626: authorization result of <RequireAny>: granted, referer: http://localhost:63343/
[Thu Sep 11 20:35:54.847874 2025] [authz_core:debug] [pid 93:tid 114] mod_authz_core.c(815): [client ::1:47794] AH01626: authorization result of Require all granted: granted, referer: http://localhost:63343/
[Thu Sep 11 20:35:54.848294 2025] [authz_core:debug] [pid 93:tid 114] mod_authz_core.c(815): [client ::1:47794] AH01626: authorization result of <RequireAny>: granted, referer: http://localhost:63343/
[Thu Sep 11 20:35:54.848755 2025] [authz_core:debug] [pid 93:tid 114] mod_authz_core.c(815): [client ::1:47794] AH01626: authorization result of Require all granted: granted, referer: http://localhost:63343/
[Thu Sep 11 20:35:54.848984 2025] [authz_core:debug] [pid 93:tid 114] mod_authz_core.c(815): [client ::1:47794] AH01626: authorization result of <RequireAny>: granted, referer: http://localhost:63343/
[Thu Sep 11 20:35:55.436691 2025] [authz_core:debug] [pid 93:tid 117] mod_authz_core.c(815): [client ::1:38222] AH01626: authorization result of Require all granted: granted, referer: http://localhost:63343/
[Thu Sep 11 20:35:55.436897 2025] [authz_core:debug] [pid 93:tid 117] mod_authz_core.c(815): [client ::1:38222] AH01626: authorization result of <RequireAny>: granted, referer: http://localhost:63343/
[Thu Sep 11 20:35:55.437016 2025] [authz_core:debug] [pid 93:tid 117] mod_authz_core.c(815): [client ::1:38222] AH01626: authorization result of Require all granted: granted, referer: http://localhost:63343/
[Thu Sep 11 20:35:55.437092 2025] [authz_core:debug] [pid 93:tid 117] mod_authz_core.c(815): [client ::1:38222] AH01626: authorization result of <RequireAny>: granted, referer: http://localhost:63343/
[Thu Sep 11 20:35:55.594475 2025] [authz_core:debug] [pid 93:tid 119] mod_authz_core.c(815): [client ::1:38250] AH01626: authorization result of Require all granted: granted, referer: http://localhost:63343/
[Thu Sep 11 20:35:55.594700 2025] [authz_core:debug] [pid 93:tid 119] mod_authz_core.c(815): [client ::1:38250] AH01626: authorization result of <RequireAny>: granted, referer: http://localhost:63343/
[Thu Sep 11 20:35:55.594902 2025] [authz_core:debug] [pid 93:tid 119] mod_authz_core.c(815): [client ::1:38250] AH01626: authorization result of Require all granted: granted, referer: http://localhost:63343/
[Thu Sep 11 20:35:55.595047 2025] [authz_core:debug] [pid 93:tid 119] mod_authz_core.c(815): [client ::1:38250] AH01626: authorization result of <RequireAny>: granted, referer: http://localhost:63343/
[Thu Sep 11 20:35:55.742846 2025] [authz_core:debug] [pid 93:tid 96] mod_authz_core.c(815): [client ::1:38282] AH01626: authorization result of Require all granted: granted, referer: http://localhost:63343/
[Thu Sep 11 20:35:55.743112 2025] [authz_core:debug] [pid 93:tid 96] mod_authz_core.c(815): [client ::1:38282] AH01626: authorization result of <RequireAny>: granted, referer: http://localhost:63343/
[Thu Sep 11 20:35:55.743376 2025] [authz_core:debug] [pid 93:tid 96] mod_authz_core.c(815): [client ::1:38282] AH01626: authorization result of Require all granted: granted, referer: http://localhost:63343/
[Thu Sep 11 20:35:55.743666 2025] [authz_core:debug] [pid 93:tid 96] mod_authz_core.c(815): [client ::1:38282] AH01626: authorization result of <RequireAny>: granted, referer: http://localhost:63343/
[Thu Sep 11 20:35:55.886640 2025] [authz_core:debug] [pid 93:tid 98] mod_authz_core.c(815): [client ::1:38286] AH01626: authorization result of Require all granted: granted, referer: http://localhost:63343/
[Thu Sep 11 20:35:55.886845 2025] [authz_core:debug] [pid 93:tid 98] mod_authz_core.c(815): [client ::1:38286] AH01626: authorization result of <RequireAny>: granted, referer: http://localhost:63343/
[Thu Sep 11 20:35:55.887001 2025] [authz_core:debug] [pid 93:tid 98] mod_authz_core.c(815): [client ::1:38286] AH01626: authorization result of Require all granted: granted, referer: http://localhost:63343/
[Thu Sep 11 20:35:55.887107 2025] [authz_core:debug] [pid 93:tid 98] mod_authz_core.c(815): [client ::1:38286] AH01626: authorization result of <RequireAny>: granted, referer: http://localhost:63343/
[Thu Sep 11 20:35:56.034995 2025] [authz_core:debug] [pid 93:tid 100] mod_authz_core.c(815): [client ::1:38294] AH01626: authorization result of Require all granted: granted, referer: http://localhost:63343/
[Thu Sep 11 20:35:56.037441 2025] [authz_core:debug] [pid 93:tid 100] mod_authz_core.c(815): [client ::1:38294] AH01626: authorization result of <RequireAny>: granted, referer: http://localhost:63343/
[Thu Sep 11 20:35:56.039760 2025] [authz_core:debug] [pid 93:tid 100] mod_authz_core.c(815): [client ::1:38294] AH01626: authorization result of Require all granted: granted, referer: http://localhost:63343/
[Thu Sep 11 20:35:56.041977 2025] [authz_core:debug] [pid 93:tid 100] mod_authz_core.c(815): [client ::1:38294] AH01626: authorization result of <RequireAny>: granted, referer: http://localhost:63343/
[Thu Sep 11 20:35:56.189297 2025] [authz_core:debug] [pid 93:tid 105] mod_authz_core.c(815): [client ::1:38316] AH01626: authorization result of Require all granted: granted, referer: http://localhost:63343/
[Thu Sep 11 20:35:56.189491 2025] [authz_core:debug] [pid 93:tid 105] mod_authz_core.c(815): [client ::1:38316] AH01626: authorization result of <RequireAny>: granted, referer: http://localhost:63343/
[Thu Sep 11 20:35:56.189620 2025] [authz_core:debug] [pid 93:tid 105] mod_authz_core.c(815): [client ::1:38316] AH01626: authorization result of Require all granted: granted, referer: http://localhost:63343/
[Thu Sep 11 20:35:56.189718 2025] [authz_core:debug] [pid 93:tid 105] mod_authz_core.c(815): [client ::1:38316] AH01626: authorization result of <RequireAny>: granted, referer: http://localhost:63343/
[Thu Sep 11 20:35:56.342021 2025] [authz_core:debug] [pid 93:tid 104] mod_authz_core.c(815): [client ::1:38330] AH01626: authorization result of Require all granted: granted, referer: http://localhost:63343/
[Thu Sep 11 20:35:56.342314 2025] [authz_core:debug] [pid 93:tid 104] mod_authz_core.c(815): [client ::1:38330] AH01626: authorization result of <RequireAny>: granted, referer: http://localhost:63343/
[Thu Sep 11 20:35:56.342462 2025] [authz_core:debug] [pid 93:tid 104] mod_authz_core.c(815): [client ::1:38330] AH01626: authorization result of Require all granted: granted, referer: http://localhost:63343/
[Thu Sep 11 20:35:56.342545 2025] [authz_core:debug] [pid 93:tid 104] mod_authz_core.c(815): [client ::1:38330] AH01626: authorization result of <RequireAny>: granted, referer: http://localhost:63343/
[Thu Sep 11 20:35:56.497205 2025] [authz_core:debug] [pid 93:tid 107] mod_authz_core.c(815): [client ::1:38350] AH01626: authorization result of Require all granted: granted, referer: http://localhost:63343/
[Thu Sep 11 20:35:56.497403 2025] [authz_core:debug] [pid 93:tid 107] mod_authz_core.c(815): [client ::1:38350] AH01626: authorization result of <RequireAny>: granted, referer: http://localhost:63343/
[Thu Sep 11 20:35:56.497565 2025] [authz_core:debug] [pid 93:tid 107] mod_authz_core.c(815): [client ::1:38350] AH01626: authorization result of Require all granted: granted, referer: http://localhost:63343/
[Thu Sep 11 20:35:56.497656 2025] [authz_core:debug] [pid 93:tid 107] mod_authz_core.c(815): [client ::1:38350] AH01626: authorization result of <RequireAny>: granted, referer: http://localhost:63343/
[Thu Sep 11 20:35:56.644915 2025] [authz_core:debug] [pid 93:tid 108] mod_authz_core.c(815): [client ::1:38364] AH01626: authorization result of Require all granted: granted, referer: http://localhost:63343/
[Thu Sep 11 20:35:56.645207 2025] [authz_core:debug] [pid 93:tid 108] mod_authz_core.c(815): [client ::1:38364] AH01626: authorization result of <RequireAny>: granted, referer: http://localhost:63343/
[Thu Sep 11 20:35:56.645427 2025] [authz_core:debug] [pid 93:tid 108] mod_authz_core.c(815): [client ::1:38364] AH01626: authorization result of Require all granted: granted, referer: http://localhost:63343/
[Thu Sep 11 20:35:56.645551 2025] [authz_core:debug] [pid 93:tid 108] mod_authz_core.c(815): [client ::1:38364] AH01626: authorization result of <RequireAny>: granted, referer: http://localhost:63343/
[Thu Sep 11 20:35:56.812780 2025] [authz_core:debug] [pid 93:tid 110] mod_authz_core.c(815): [client ::1:38380] AH01626: authorization result of Require all granted: granted, referer: http://localhost:63343/
[Thu Sep 11 20:35:56.812977 2025] [authz_core:debug] [pid 93:tid 110] mod_authz_core.c(815): [client ::1:38380] AH01626: authorization result of <RequireAny>: granted, referer: http://localhost:63343/
[Thu Sep 11 20:35:56.813120 2025] [authz_core:debug] [pid 93:tid 110] mod_authz_core.c(815): [client ::1:38380] AH01626: authorization result of Require all granted: granted, referer: http://localhost:63343/
[Thu Sep 11 20:35:56.813206 2025] [authz_core:debug] [pid 93:tid 110] mod_authz_core.c(815): [client ::1:38380] AH01626: authorization result of <RequireAny>: granted, referer: http://localhost:63343/
[Thu Sep 11 20:35:56.964980 2025] [authz_core:debug] [pid 93:tid 112] mod_authz_core.c(815): [client ::1:38396] AH01626: authorization result of Require all granted: granted, referer: http://localhost:63343/
[Thu Sep 11 20:35:56.965202 2025] [authz_core:debug] [pid 93:tid 112] mod_authz_core.c(815): [client ::1:38396] AH01626: authorization result of <RequireAny>: granted, referer: http://localhost:63343/
[Thu Sep 11 20:35:56.965378 2025] [authz_core:debug] [pid 93:tid 112] mod_authz_core.c(815): [client ::1:38396] AH01626: authorization result of Require all granted: granted, referer: http://localhost:63343/
[Thu Sep 11 20:35:56.965554 2025] [authz_core:debug] [pid 93:tid 112] mod_authz_core.c(815): [client ::1:38396] AH01626: authorization result of <RequireAny>: granted, referer: http://localhost:63343/
[Thu Sep 11 20:35:57.135888 2025] [authz_core:debug] [pid 93:tid 115] mod_authz_core.c(815): [client ::1:38428] AH01626: authorization result of Require all granted: granted, referer: http://localhost:63343/
[Thu Sep 11 20:35:57.136169 2025] [authz_core:debug] [pid 93:tid 115] mod_authz_core.c(815): [client ::1:38428] AH01626: authorization result of <RequireAny>: granted, referer: http://localhost:63343/
[Thu Sep 11 20:35:57.136380 2025] [authz_core:debug] [pid 93:tid 115] mod_authz_core.c(815): [client ::1:38428] AH01626: authorization result of Require all granted: granted, referer: http://localhost:63343/
[Thu Sep 11 20:35:57.136480 2025] [authz_core:debug] [pid 93:tid 115] mod_authz_core.c(815): [client ::1:38428] AH01626: authorization result of <RequireAny>: granted, referer: http://localhost:63343/
[Thu Sep 11 20:35:57.292139 2025] [authz_core:debug] [pid 93:tid 116] mod_authz_core.c(815): [client ::1:38446] AH01626: authorization result of Require all granted: granted, referer: http://localhost:63343/
[Thu Sep 11 20:35:57.292331 2025] [authz_core:debug] [pid 93:tid 116] mod_authz_core.c(815): [client ::1:38446] AH01626: authorization result of <RequireAny>: granted, referer: http://localhost:63343/
[Thu Sep 11 20:35:57.292463 2025] [authz_core:debug] [pid 93:tid 116] mod_authz_core.c(815): [client ::1:38446] AH01626: authorization result of Require all granted: granted, referer: http://localhost:63343/
[Thu Sep 11 20:35:57.292548 2025] [authz_core:debug] [pid 93:tid 116] mod_authz_core.c(815): [client ::1:38446] AH01626: authorization result of <RequireAny>: granted, referer: http://localhost:63343/
[Thu Sep 11 20:35:57.452607 2025] [authz_core:debug] [pid 28:tid 52] mod_authz_core.c(815): [client ::1:38466] AH01626: authorization result of Require all granted: granted, referer: http://localhost:63343/
[Thu Sep 11 20:35:57.452893 2025] [authz_core:debug] [pid 28:tid 52] mod_authz_core.c(815): [client ::1:38466] AH01626: authorization result of <RequireAny>: granted, referer: http://localhost:63343/
[Thu Sep 11 20:35:57.453186 2025] [authz_core:debug] [pid 28:tid 52] mod_authz_core.c(815): [client ::1:38466] AH01626: authorization result of Require all granted: granted, referer: http://localhost:63343/
[Thu Sep 11 20:35:57.453693 2025] [authz_core:debug] [pid 28:tid 52] mod_authz_core.c(815): [client ::1:38466] AH01626: authorization result of <RequireAny>: granted, referer: http://localhost:63343/
[Thu Sep 11 20:35:57.611019 2025] [authz_core:debug] [pid 93:tid 118] mod_authz_core.c(815): [client ::1:38490] AH01626: authorization result of Require all granted: granted, referer: http://localhost:63343/
[Thu Sep 11 20:35:57.611336 2025] [authz_core:debug] [pid 93:tid 118] mod_authz_core.c(815): [client ::1:38490] AH01626: authorization result of <RequireAny>: granted, referer: http://localhost:63343/
[Thu Sep 11 20:35:57.611548 2025] [authz_core:debug] [pid 93:tid 118] mod_authz_core.c(815): [client ::1:38490] AH01626: authorization result of Require all granted: granted, referer: http://localhost:63343/
[Thu Sep 11 20:35:57.611719 2025] [authz_core:debug] [pid 93:tid 118] mod_authz_core.c(815): [client ::1:38490] AH01626: authorization result of <RequireAny>: granted, referer: http://localhost:63343/
[Thu Sep 11 20:35:57.759981 2025] [authz_core:debug] [pid 93:tid 95] mod_authz_core.c(815): [client ::1:38504] AH01626: authorization result of Require all granted: granted, referer: http://localhost:63343/
[Thu Sep 11 20:35:57.760215 2025] [authz_core:debug] [pid 93:tid 95] mod_authz_core.c(815): [client ::1:38504] AH01626: authorization result of <RequireAny>: granted, referer: http://localhost:63343/
[Thu Sep 11 20:35:57.760356 2025] [authz_core:debug] [pid 93:tid 95] mod_authz_core.c(815): [client ::1:38504] AH01626: authorization result of Require all granted: granted, referer: http://localhost:63343/
[Thu Sep 11 20:35:57.760448 2025] [authz_core:debug] [pid 93:tid 95] mod_authz_core.c(815): [client ::1:38504] AH01626: authorization result of <RequireAny>: granted, referer: http://localhost:63343/
[Thu Sep 11 20:35:57.911083 2025] [authz_core:debug] [pid 93:tid 97] mod_authz_core.c(815): [client ::1:38518] AH01626: authorization result of Require all granted: granted, referer: http://localhost:63343/
[Thu Sep 11 20:35:57.911260 2025] [authz_core:debug] [pid 93:tid 97] mod_authz_core.c(815): [client ::1:38518] AH01626: authorization result of <RequireAny>: granted, referer: http://localhost:63343/
[Thu Sep 11 20:35:57.911389 2025] [authz_core:debug] [pid 93:tid 97] mod_authz_core.c(815): [client ::1:38518] AH01626: authorization result of Require all granted: granted, referer: http://localhost:63343/
[Thu Sep 11 20:35:57.911484 2025] [authz_core:debug] [pid 93:tid 97] mod_authz_core.c(815): [client ::1:38518] AH01626: authorization result of <RequireAny>: granted, referer: http://localhost:63343/
[Thu Sep 11 20:35:58.070568 2025] [authz_core:debug] [pid 93:tid 99] mod_authz_core.c(815): [client ::1:38544] AH01626: authorization result of Require all granted: granted, referer: http://localhost:63343/
[Thu Sep 11 20:35:58.070776 2025] [authz_core:debug] [pid 93:tid 99] mod_authz_core.c(815): [client ::1:38544] AH01626: authorization result of <RequireAny>: granted, referer: http://localhost:63343/
[Thu Sep 11 20:35:58.070909 2025] [authz_core:debug] [pid 93:tid 99] mod_authz_core.c(815): [client ::1:38544] AH01626: authorization result of Require all granted: granted, referer: http://localhost:63343/
[Thu Sep 11 20:35:58.070995 2025] [authz_core:debug] [pid 93:tid 99] mod_authz_core.c(815): [client ::1:38544] AH01626: authorization result of <RequireAny>: granted, referer: http://localhost:63343/
[Thu Sep 11 20:35:58.230082 2025] [authz_core:debug] [pid 93:tid 101] mod_authz_core.c(815): [client ::1:38560] AH01626: authorization result of Require all granted: granted, referer: http://localhost:63343/
[Thu Sep 11 20:35:58.230339 2025] [authz_core:debug] [pid 93:tid 101] mod_authz_core.c(815): [client ::1:38560] AH01626: authorization result of <RequireAny>: granted, referer: http://localhost:63343/
[Thu Sep 11 20:35:58.230458 2025] [authz_core:debug] [pid 93:tid 101] mod_authz_core.c(815): [client ::1:38560] AH01626: authorization result of Require all granted: granted, referer: http://localhost:63343/
[Thu Sep 11 20:35:58.230540 2025] [authz_core:debug] [pid 93:tid 101] mod_authz_core.c(815): [client ::1:38560] AH01626: authorization result of <RequireAny>: granted, referer: http://localhost:63343/
[Thu Sep 11 20:35:58.371456 2025] [authz_core:debug] [pid 93:tid 106] mod_authz_core.c(815): [client ::1:38580] AH01626: authorization result of Require all granted: granted, referer: http://localhost:63343/
[Thu Sep 11 20:35:58.371655 2025] [authz_core:debug] [pid 93:tid 106] mod_authz_core.c(815): [client ::1:38580] AH01626: authorization result of <RequireAny>: granted, referer: http://localhost:63343/
[Thu Sep 11 20:35:58.371790 2025] [authz_core:debug] [pid 93:tid 106] mod_authz_core.c(815): [client ::1:38580] AH01626: authorization result of Require all granted: granted, referer: http://localhost:63343/
[Thu Sep 11 20:35:58.371878 2025] [authz_core:debug] [pid 93:tid 106] mod_authz_core.c(815): [client ::1:38580] AH01626: authorization result of <RequireAny>: granted, referer: http://localhost:63343/
[Thu Sep 11 20:35:58.529991 2025] [authz_core:debug] [pid 93:tid 102] mod_authz_core.c(815): [client ::1:38598] AH01626: authorization result of Require all granted: granted, referer: http://localhost:63343/
[Thu Sep 11 20:35:58.530245 2025] [authz_core:debug] [pid 93:tid 102] mod_authz_core.c(815): [client ::1:38598] AH01626: authorization result of <RequireAny>: granted, referer: http://localhost:63343/
[Thu Sep 11 20:35:58.530453 2025] [authz_core:debug] [pid 93:tid 102] mod_authz_core.c(815): [client ::1:38598] AH01626: authorization result of Require all granted: granted, referer: http://localhost:63343/
[Thu Sep 11 20:35:58.530611 2025] [authz_core:debug] [pid 93:tid 102] mod_authz_core.c(815): [client ::1:38598] AH01626: authorization result of <RequireAny>: granted, referer: http://localhost:63343/
[Thu Sep 11 20:35:58.689110 2025] [authz_core:debug] [pid 93:tid 103] mod_authz_core.c(815): [client ::1:38620] AH01626: authorization result of Require all granted: granted, referer: http://localhost:63343/
[Thu Sep 11 20:35:58.689353 2025] [authz_core:debug] [pid 93:tid 103] mod_authz_core.c(815): [client ::1:38620] AH01626: authorization result of <RequireAny>: granted, referer: http://localhost:63343/
[Thu Sep 11 20:35:58.689535 2025] [authz_core:debug] [pid 93:tid 103] mod_authz_core.c(815): [client ::1:38620] AH01626: authorization result of Require all granted: granted, referer: http://localhost:63343/
[Thu Sep 11 20:35:58.689659 2025] [authz_core:debug] [pid 93:tid 103] mod_authz_core.c(815): [client ::1:38620] AH01626: authorization result of <RequireAny>: granted, referer: http://localhost:63343/
[Thu Sep 11 20:35:58.834776 2025] [authz_core:debug] [pid 93:tid 109] mod_authz_core.c(815): [client ::1:38642] AH01626: authorization result of Require all granted: granted, referer: http://localhost:63343/
[Thu Sep 11 20:35:58.834978 2025] [authz_core:debug] [pid 93:tid 109] mod_authz_core.c(815): [client ::1:38642] AH01626: authorization result of <RequireAny>: granted, referer: http://localhost:63343/
[Thu Sep 11 20:35:58.835158 2025] [authz_core:debug] [pid 93:tid 109] mod_authz_core.c(815): [client ::1:38642] AH01626: authorization result of Require all granted: granted, referer: http://localhost:63343/
[Thu Sep 11 20:35:58.835257 2025] [authz_core:debug] [pid 93:tid 109] mod_authz_core.c(815): [client ::1:38642] AH01626: authorization result of <RequireAny>: granted, referer: http://localhost:63343/
[Thu Sep 11 20:35:59.001107 2025] [authz_core:debug] [pid 93:tid 111] mod_authz_core.c(815): [client ::1:38664] AH01626: authorization result of Require all granted: granted, referer: http://localhost:63343/
[Thu Sep 11 20:35:59.001297 2025] [authz_core:debug] [pid 93:tid 111] mod_authz_core.c(815): [client ::1:38664] AH01626: authorization result of <RequireAny>: granted, referer: http://localhost:63343/
[Thu Sep 11 20:35:59.001429 2025] [authz_core:debug] [pid 93:tid 111] mod_authz_core.c(815): [client ::1:38664] AH01626: authorization result of Require all granted: granted, referer: http://localhost:63343/
[Thu Sep 11 20:35:59.001525 2025] [authz_core:debug] [pid 93:tid 111] mod_authz_core.c(815): [client ::1:38664] AH01626: authorization result of <RequireAny>: granted, referer: http://localhost:63343/
[Thu Sep 11 20:35:59.172041 2025] [authz_core:debug] [pid 28:tid 56] mod_authz_core.c(815): [client ::1:38676] AH01626: authorization result of Require all granted: granted, referer: http://localhost:63343/
[Thu Sep 11 20:35:59.172273 2025] [authz_core:debug] [pid 28:tid 56] mod_authz_core.c(815): [client ::1:38676] AH01626: authorization result of <RequireAny>: granted, referer: http://localhost:63343/
[Thu Sep 11 20:35:59.172449 2025] [authz_core:debug] [pid 28:tid 56] mod_authz_core.c(815): [client ::1:38676] AH01626: authorization result of Require all granted: granted, referer: http://localhost:63343/
[Thu Sep 11 20:35:59.172575 2025] [authz_core:debug] [pid 28:tid 56] mod_authz_core.c(815): [client ::1:38676] AH01626: authorization result of <RequireAny>: granted, referer: http://localhost:63343/
[Thu Sep 11 20:35:59.337650 2025] [authz_core:debug] [pid 93:tid 113] mod_authz_core.c(815): [client ::1:38694] AH01626: authorization result of Require all granted: granted, referer: http://localhost:63343/
[Thu Sep 11 20:35:59.337831 2025] [authz_core:debug] [pid 93:tid 113] mod_authz_core.c(815): [client ::1:38694] AH01626: authorization result of <RequireAny>: granted, referer: http://localhost:63343/
[Thu Sep 11 20:35:59.337976 2025] [authz_core:debug] [pid 93:tid 113] mod_authz_core.c(815): [client ::1:38694] AH01626: authorization result of Require all granted: granted, referer: http://localhost:63343/
[Thu Sep 11 20:35:59.338072 2025] [authz_core:debug] [pid 93:tid 113] mod_authz_core.c(815): [client ::1:38694] AH01626: authorization result of <RequireAny>: granted, referer: http://localhost:63343/
[Thu Sep 11 20:35:59.487957 2025] [authz_core:debug] [pid 93:tid 114] mod_authz_core.c(815): [client ::1:38708] AH01626: authorization result of Require all granted: granted, referer: http://localhost:63343/
[Thu Sep 11 20:35:59.488172 2025] [authz_core:debug] [pid 93:tid 114] mod_authz_core.c(815): [client ::1:38708] AH01626: authorization result of <RequireAny>: granted, referer: http://localhost:63343/
[Thu Sep 11 20:35:59.488418 2025] [authz_core:debug] [pid 93:tid 114] mod_authz_core.c(815): [client ::1:38708] AH01626: authorization result of Require all granted: granted, referer: http://localhost:63343/
[Thu Sep 11 20:35:59.488556 2025] [authz_core:debug] [pid 93:tid 114] mod_authz_core.c(815): [client ::1:38708] AH01626: authorization result of <RequireAny>: granted, referer: http://localhost:63343/
[Thu Sep 11 20:35:59.641845 2025] [authz_core:debug] [pid 93:tid 117] mod_authz_core.c(815): [client ::1:38724] AH01626: authorization result of Require all granted: granted, referer: http://localhost:63343/
[Thu Sep 11 20:35:59.642021 2025] [authz_core:debug] [pid 93:tid 117] mod_authz_core.c(815): [client ::1:38724] AH01626: authorization result of <RequireAny>: granted, referer: http://localhost:63343/
[Thu Sep 11 20:35:59.642150 2025] [authz_core:debug] [pid 93:tid 117] mod_authz_core.c(815): [client ::1:38724] AH01626: authorization result of Require all granted: granted, referer: http://localhost:63343/
[Thu Sep 11 20:35:59.642220 2025] [authz_core:debug] [pid 93:tid 117] mod_authz_core.c(815): [client ::1:38724] AH01626: authorization result of <RequireAny>: granted, referer: http://localhost:63343/
[Thu Sep 11 20:35:59.785250 2025] [authz_core:debug] [pid 93:tid 119] mod_authz_core.c(815): [client ::1:38750] AH01626: authorization result of Require all granted: granted, referer: http://localhost:63343/
[Thu Sep 11 20:35:59.785456 2025] [authz_core:debug] [pid 93:tid 119] mod_authz_core.c(815): [client ::1:38750] AH01626: authorization result of <RequireAny>: granted, referer: http://localhost:63343/
[Thu Sep 11 20:35:59.785590 2025] [authz_core:debug] [pid 93:tid 119] mod_authz_core.c(815): [client ::1:38750] AH01626: authorization result of Require all granted: granted, referer: http://localhost:63343/
[Thu Sep 11 20:35:59.785671 2025] [authz_core:debug] [pid 93:tid 119] mod_authz_core.c(815): [client ::1:38750] AH01626: authorization result of <RequireAny>: granted, referer: http://localhost:63343/
[Thu Sep 11 20:35:59.942946 2025] [authz_core:debug] [pid 93:tid 96] mod_authz_core.c(815): [client ::1:38758] AH01626: authorization result of Require all granted: granted, referer: http://localhost:63343/
[Thu Sep 11 20:35:59.943212 2025] [authz_core:debug] [pid 93:tid 96] mod_authz_core.c(815): [client ::1:38758] AH01626: authorization result of <RequireAny>: granted, referer: http://localhost:63343/
[Thu Sep 11 20:35:59.943488 2025] [authz_core:debug] [pid 93:tid 96] mod_authz_core.c(815): [client ::1:38758] AH01626: authorization result of Require all granted: granted, referer: http://localhost:63343/
[Thu Sep 11 20:35:59.943730 2025] [authz_core:debug] [pid 93:tid 96] mod_authz_core.c(815): [client ::1:38758] AH01626: authorization result of <RequireAny>: granted, referer: http://localhost:63343/
[Thu Sep 11 20:36:00.086079 2025] [authz_core:debug] [pid 93:tid 98] mod_authz_core.c(815): [client ::1:38774] AH01626: authorization result of Require all granted: granted, referer: http://localhost:63343/
[Thu Sep 11 20:36:00.086273 2025] [authz_core:debug] [pid 93:tid 98] mod_authz_core.c(815): [client ::1:38774] AH01626: authorization result of <RequireAny>: granted, referer: http://localhost:63343/
[Thu Sep 11 20:36:00.086416 2025] [authz_core:debug] [pid 93:tid 98] mod_authz_core.c(815): [client ::1:38774] AH01626: authorization result of Require all granted: granted, referer: http://localhost:63343/
[Thu Sep 11 20:36:00.086515 2025] [authz_core:debug] [pid 93:tid 98] mod_authz_core.c(815): [client ::1:38774] AH01626: authorization result of <RequireAny>: granted, referer: http://localhost:63343/
[Thu Sep 11 20:36:00.228896 2025] [authz_core:debug] [pid 93:tid 100] mod_authz_core.c(815): [client ::1:38788] AH01626: authorization result of Require all granted: granted, referer: http://localhost:63343/
[Thu Sep 11 20:36:00.229694 2025] [authz_core:debug] [pid 93:tid 100] mod_authz_core.c(815): [client ::1:38788] AH01626: authorization result of <RequireAny>: granted, referer: http://localhost:63343/
[Thu Sep 11 20:36:00.229936 2025] [authz_core:debug] [pid 93:tid 100] mod_authz_core.c(815): [client ::1:38788] AH01626: authorization result of Require all granted: granted, referer: http://localhost:63343/
[Thu Sep 11 20:36:00.230154 2025] [authz_core:debug] [pid 93:tid 100] mod_authz_core.c(815): [client ::1:38788] AH01626: authorization result of <RequireAny>: granted, referer: http://localhost:63343/
[Thu Sep 11 20:36:00.395884 2025] [authz_core:debug] [pid 93:tid 105] mod_authz_core.c(815): [client ::1:38804] AH01626: authorization result of Require all granted: granted, referer: http://localhost:63343/
[Thu Sep 11 20:36:00.396063 2025] [authz_core:debug] [pid 93:tid 105] mod_authz_core.c(815): [client ::1:38804] AH01626: authorization result of <RequireAny>: granted, referer: http://localhost:63343/
[Thu Sep 11 20:36:00.396216 2025] [authz_core:debug] [pid 93:tid 105] mod_authz_core.c(815): [client ::1:38804] AH01626: authorization result of Require all granted: granted, referer: http://localhost:63343/
[Thu Sep 11 20:36:00.396304 2025] [authz_core:debug] [pid 93:tid 105] mod_authz_core.c(815): [client ::1:38804] AH01626: authorization result of <RequireAny>: granted, referer: http://localhost:63343/
[Thu Sep 11 20:36:00.543852 2025] [authz_core:debug] [pid 93:tid 104] mod_authz_core.c(815): [client ::1:38822] AH01626: authorization result of Require all granted: granted, referer: http://localhost:63343/
[Thu Sep 11 20:36:00.544057 2025] [authz_core:debug] [pid 93:tid 104] mod_authz_core.c(815): [client ::1:38822] AH01626: authorization result of <RequireAny>: granted, referer: http://localhost:63343/
[Thu Sep 11 20:36:00.544229 2025] [authz_core:debug] [pid 93:tid 104] mod_authz_core.c(815): [client ::1:38822] AH01626: authorization result of Require all granted: granted, referer: http://localhost:63343/
[Thu Sep 11 20:36:00.544336 2025] [authz_core:debug] [pid 93:tid 104] mod_authz_core.c(815): [client ::1:38822] AH01626: authorization result of <RequireAny>: granted, referer: http://localhost:63343/
[Thu Sep 11 20:36:00.699118 2025] [authz_core:debug] [pid 93:tid 107] mod_authz_core.c(815): [client ::1:38826] AH01626: authorization result of Require all granted: granted, referer: http://localhost:63343/
[Thu Sep 11 20:36:00.699390 2025] [authz_core:debug] [pid 93:tid 107] mod_authz_core.c(815): [client ::1:38826] AH01626: authorization result of <RequireAny>: granted, referer: http://localhost:63343/
[Thu Sep 11 20:36:00.699573 2025] [authz_core:debug] [pid 93:tid 107] mod_authz_core.c(815): [client ::1:38826] AH01626: authorization result of Require all granted: granted, referer: http://localhost:63343/
[Thu Sep 11 20:36:00.699697 2025] [authz_core:debug] [pid 93:tid 107] mod_authz_core.c(815): [client ::1:38826] AH01626: authorization result of <RequireAny>: granted, referer: http://localhost:63343/
[Thu Sep 11 20:36:00.834232 2025] [authz_core:debug] [pid 93:tid 108] mod_authz_core.c(815): [client ::1:38852] AH01626: authorization result of Require all granted: granted, referer: http://localhost:63343/
[Thu Sep 11 20:36:00.834500 2025] [authz_core:debug] [pid 93:tid 108] mod_authz_core.c(815): [client ::1:38852] AH01626: authorization result of <RequireAny>: granted, referer: http://localhost:63343/
[Thu Sep 11 20:36:00.834673 2025] [authz_core:debug] [pid 93:tid 108] mod_authz_core.c(815): [client ::1:38852] AH01626: authorization result of Require all granted: granted, referer: http://localhost:63343/
[Thu Sep 11 20:36:00.834883 2025] [authz_core:debug] [pid 93:tid 108] mod_authz_core.c(815): [client ::1:38852] AH01626: authorization result of <RequireAny>: granted, referer: http://localhost:63343/
[Thu Sep 11 20:36:05.298308 2025] [authz_core:debug] [pid 93:tid 110] mod_authz_core.c(815): [client ::1:44692] AH01626: authorization result of Require all granted: granted, referer: http://localhost:63343/
[Thu Sep 11 20:36:05.298503 2025] [authz_core:debug] [pid 93:tid 110] mod_authz_core.c(815): [client ::1:44692] AH01626: authorization result of <RequireAny>: granted, referer: http://localhost:63343/
[Thu Sep 11 20:36:05.298704 2025] [authz_core:debug] [pid 93:tid 110] mod_authz_core.c(815): [client ::1:44692] AH01626: authorization result of Require all granted: granted, referer: http://localhost:63343/
[Thu Sep 11 20:36:05.298827 2025] [authz_core:debug] [pid 93:tid 110] mod_authz_core.c(815): [client ::1:44692] AH01626: authorization result of <RequireAny>: granted, referer: http://localhost:63343/
[Thu Sep 11 20:36:07.274112 2025] [authz_core:debug] [pid 93:tid 112] mod_authz_core.c(815): [client ::1:44704] AH01626: authorization result of Require all granted: granted, referer: http://localhost:63343/
[Thu Sep 11 20:36:07.274315 2025] [authz_core:debug] [pid 93:tid 112] mod_authz_core.c(815): [client ::1:44704] AH01626: authorization result of <RequireAny>: granted, referer: http://localhost:63343/
[Thu Sep 11 20:36:07.274455 2025] [authz_core:debug] [pid 93:tid 112] mod_authz_core.c(815): [client ::1:44704] AH01626: authorization result of Require all granted: granted, referer: http://localhost:63343/
[Thu Sep 11 20:36:07.274537 2025] [authz_core:debug] [pid 93:tid 112] mod_authz_core.c(815): [client ::1:44704] AH01626: authorization result of <RequireAny>: granted, referer: http://localhost:63343/
[Thu Sep 11 20:36:09.318428 2025] [authz_core:debug] [pid 93:tid 115] mod_authz_core.c(815): [client ::1:44712] AH01626: authorization result of Require all granted: granted, referer: http://localhost:63343/
[Thu Sep 11 20:36:09.318593 2025] [authz_core:debug] [pid 93:tid 115] mod_authz_core.c(815): [client ::1:44712] AH01626: authorization result of <RequireAny>: granted, referer: http://localhost:63343/
[Thu Sep 11 20:36:09.318736 2025] [authz_core:debug] [pid 93:tid 115] mod_authz_core.c(815): [client ::1:44712] AH01626: authorization result of Require all granted: granted, referer: http://localhost:63343/
[Thu Sep 11 20:36:09.318880 2025] [authz_core:debug] [pid 93:tid 115] mod_authz_core.c(815): [client ::1:44712] AH01626: authorization result of <RequireAny>: granted, referer: http://localhost:63343/
[Thu Sep 11 21:00:01.614657 2025] [authz_core:debug] [pid 28:tid 61] mod_authz_core.c(815): [client ::1:33000] AH01626: authorization result of Require all granted: granted, referer: http://localhost:63343/
[Thu Sep 11 21:00:01.614969 2025] [authz_core:debug] [pid 28:tid 61] mod_authz_core.c(815): [client ::1:33000] AH01626: authorization result of <RequireAny>: granted, referer: http://localhost:63343/
[Thu Sep 11 21:00:01.615271 2025] [authz_core:debug] [pid 28:tid 61] mod_authz_core.c(815): [client ::1:33000] AH01626: authorization result of Require all granted: granted, referer: http://localhost:63343/
[Thu Sep 11 21:00:01.615406 2025] [authz_core:debug] [pid 28:tid 61] mod_authz_core.c(815): [client ::1:33000] AH01626: authorization result of <RequireAny>: granted, referer: http://localhost:63343/
[Thu Sep 11 21:00:01.985697 2025] [authz_core:debug] [pid 93:tid 116] mod_authz_core.c(815): [client ::1:33018] AH01626: authorization result of Require all granted: granted, referer: http://localhost:63343/
[Thu Sep 11 21:00:01.985973 2025] [authz_core:debug] [pid 93:tid 116] mod_authz_core.c(815): [client ::1:33018] AH01626: authorization result of <RequireAny>: granted, referer: http://localhost:63343/
[Thu Sep 11 21:00:01.986248 2025] [authz_core:debug] [pid 93:tid 116] mod_authz_core.c(815): [client ::1:33018] AH01626: authorization result of Require all granted: granted, referer: http://localhost:63343/
[Thu Sep 11 21:00:01.986363 2025] [authz_core:debug] [pid 93:tid 116] mod_authz_core.c(815): [client ::1:33018] AH01626: authorization result of <RequireAny>: granted, referer: http://localhost:63343/
[Thu Sep 11 21:00:02.245417 2025] [authz_core:debug] [pid 93:tid 118] mod_authz_core.c(815): [client ::1:33042] AH01626: authorization result of Require all granted: granted, referer: http://localhost:63343/
[Thu Sep 11 21:00:02.245636 2025] [authz_core:debug] [pid 93:tid 118] mod_authz_core.c(815): [client ::1:33042] AH01626: authorization result of <RequireAny>: granted, referer: http://localhost:63343/
[Thu Sep 11 21:00:02.245802 2025] [authz_core:debug] [pid 93:tid 118] mod_authz_core.c(815): [client ::1:33042] AH01626: authorization result of Require all granted: granted, referer: http://localhost:63343/
[Thu Sep 11 21:00:02.245934 2025] [authz_core:debug] [pid 93:tid 118] mod_authz_core.c(815): [client ::1:33042] AH01626: authorization result of <RequireAny>: granted, referer: http://localhost:63343/
[Thu Sep 11 21:00:02.390529 2025] [authz_core:debug] [pid 93:tid 95] mod_authz_core.c(815): [client ::1:33068] AH01626: authorization result of Require all granted: granted, referer: http://localhost:63343/
[Thu Sep 11 21:00:02.390772 2025] [authz_core:debug] [pid 93:tid 95] mod_authz_core.c(815): [client ::1:33068] AH01626: authorization result of <RequireAny>: granted, referer: http://localhost:63343/
[Thu Sep 11 21:00:02.390931 2025] [authz_core:debug] [pid 93:tid 95] mod_authz_core.c(815): [client ::1:33068] AH01626: authorization result of Require all granted: granted, referer: http://localhost:63343/
[Thu Sep 11 21:00:02.391044 2025] [authz_core:debug] [pid 93:tid 95] mod_authz_core.c(815): [client ::1:33068] AH01626: authorization result of <RequireAny>: granted, referer: http://localhost:63343/
[Thu Sep 11 21:00:02.531417 2025] [authz_core:debug] [pid 93:tid 97] mod_authz_core.c(815): [client ::1:33078] AH01626: authorization result of Require all granted: granted, referer: http://localhost:63343/
[Thu Sep 11 21:00:02.531640 2025] [authz_core:debug] [pid 93:tid 97] mod_authz_core.c(815): [client ::1:33078] AH01626: authorization result of <RequireAny>: granted, referer: http://localhost:63343/
[Thu Sep 11 21:00:02.531792 2025] [authz_core:debug] [pid 93:tid 97] mod_authz_core.c(815): [client ::1:33078] AH01626: authorization result of Require all granted: granted, referer: http://localhost:63343/
[Thu Sep 11 21:00:02.531889 2025] [authz_core:debug] [pid 93:tid 97] mod_authz_core.c(815): [client ::1:33078] AH01626: authorization result of <RequireAny>: granted, referer: http://localhost:63343/
[Thu Sep 11 21:00:02.680497 2025] [authz_core:debug] [pid 93:tid 99] mod_authz_core.c(815): [client ::1:33084] AH01626: authorization result of Require all granted: granted, referer: http://localhost:63343/
[Thu Sep 11 21:00:02.680724 2025] [authz_core:debug] [pid 93:tid 99] mod_authz_core.c(815): [client ::1:33084] AH01626: authorization result of <RequireAny>: granted, referer: http://localhost:63343/
[Thu Sep 11 21:00:02.680856 2025] [authz_core:debug] [pid 93:tid 99] mod_authz_core.c(815): [client ::1:33084] AH01626: authorization result of Require all granted: granted, referer: http://localhost:63343/
[Thu Sep 11 21:00:02.680949 2025] [authz_core:debug] [pid 93:tid 99] mod_authz_core.c(815): [client ::1:33084] AH01626: authorization result of <RequireAny>: granted, referer: http://localhost:63343/
[Thu Sep 11 21:00:02.821464 2025] [authz_core:debug] [pid 93:tid 101] mod_authz_core.c(815): [client ::1:33112] AH01626: authorization result of Require all granted: granted, referer: http://localhost:63343/
[Thu Sep 11 21:00:02.821741 2025] [authz_core:debug] [pid 93:tid 101] mod_authz_core.c(815): [client ::1:33112] AH01626: authorization result of <RequireAny>: granted, referer: http://localhost:63343/
[Thu Sep 11 21:00:02.821944 2025] [authz_core:debug] [pid 93:tid 101] mod_authz_core.c(815): [client ::1:33112] AH01626: authorization result of Require all granted: granted, referer: http://localhost:63343/
[Thu Sep 11 21:00:02.822134 2025] [authz_core:debug] [pid 93:tid 101] mod_authz_core.c(815): [client ::1:33112] AH01626: authorization result of <RequireAny>: granted, referer: http://localhost:63343/
[Fri Sep 12 09:38:09.519399 2025] [authz_core:debug] [pid 28:tid 65] mod_authz_core.c(815): [client ::1:40384] AH01626: authorization result of Require all granted: granted, referer: http://localhost:63343/
[Fri Sep 12 09:38:09.520128 2025] [authz_core:debug] [pid 28:tid 65] mod_authz_core.c(815): [client ::1:40384] AH01626: authorization result of <RequireAny>: granted, referer: http://localhost:63343/
[Fri Sep 12 09:38:09.521235 2025] [authz_core:debug] [pid 28:tid 65] mod_authz_core.c(815): [client ::1:40384] AH01626: authorization result of Require all granted: granted, referer: http://localhost:63343/
[Fri Sep 12 09:38:09.521386 2025] [authz_core:debug] [pid 28:tid 65] mod_authz_core.c(815): [client ::1:40384] AH01626: authorization result of <RequireAny>: granted, referer: http://localhost:63343/
